Group,R.mucosa ,R.mucosa ,R.mucosa ,R.mucosa ,R.mucosa ,R.mucosa ,R.mucosa ,R.mucosa ,R.mucosa ,R.mucosa ,R.mucosa ,R.mucosa ,R.mucosa ,R.mucosa ,R.mucosa ,R.mucosa+S.aureus,R.mucosa+S.aureus,R.mucosa+S.aureus,R.mucosa+S.aureus,R.mucosa+S.aureus,R.mucosa+S.aureus,R.mucosa+S.aureus,R.mucosa+S.aureus,R.mucosa+S.aureus,R.mucosa+S.aureus,R.mucosa+S.aureus,R.mucosa+S.aureus,R.mucosa+S.aureus,R.mucosa+S.aureus,R.mucosa+S.aureus
351.04903,0,24642.00664,17444.3496,18282.71289,1900002.838,15892.22559,200353.57,23821.46484,2550000.273,23333.23633,200672.1004,256300.455,276900.1401,23178.48828,22478.92383,32786.9414,0,0,0,22813.91002,0,0,0,35717.72266,262006.2773,0,433400.3516,25994.8418,31955.7005,350021.664
241.08353,0,0,0,0,0,0,0,0,0,0,0,0,0,0,0,0,0,0,0,0,0,0,0,0,0,0,0,0,0,0
192.06404,0,0,0,0,0,0,46463.18359,42964.89453,562004.875,0,49576.37101,0,0,0,0,0,0,0,0,0,530087.293,0,0,0,0,0,0,0,51638.67969,0
256.15386,0,0,0,0,0,0,0,0,0,0,0,0,0,0,0,0,0,0,0,0,0,0,0,0,0,0,0,0,0,0
438.13046,0,0,0,0,0,0,7646.82008,0,0,0,0,0,0,0,0,0,0,0,0,0,0,0,0,0,0,0,0,0,0,0
278.20921,0,0,0,0,0,0,0,0,0,0,0,0,0,0,0,0,0,0,0,0,0,0,0,0,0,0,0,0,0,0
127.12191,0,0,0,0,0,0,0,0,0,0,0,0,0,0,0,0,0,0,0,0,0,0,0,0,0,0,0,0,0,0
321.09846,0,0,0,0,0,0,0,0,0,0,0,0,0,0,0,0,0,0,0,0,0,0,0,0,0,0,0,0,0,0
385.21524,0,0,0,0,0,0,0,0,0,0,0,0,0,0,0,0,0,0,0,0,0,0,0,0,0,0,0,0,0,0
158.11676,0,0,0,0,0,0,0,0,0,0,0,0,0,0,0,0,0,0,0,0,0,0,0,0,0,0,0,0,0,0
373.12139,0,12492.2007,12816.56348,0,16784.42969,14497.623,0,0,11411.23438,16356.77734,15753.97007,0,126400.8009,0,0,258005.6301,2000078.174,25411.5918,22433.80066,19998.00625,0,0,0,11523.24701,0,0,0,0,0,11343.63672
397.15552,0,0,0,0,0,0,0,0,0,0,0,0,0,0,0,0,0,0,0,0,0,0,0,0,0,0,0,0,0,0
275.15343,0,0,0,0,0,0,0,0,0,0,0,0,0,0,0,0,0,0,0,0,0,0,0,0,0,0,0,0,0,0
282.1478,0,0,0,0,0,0,0,0,0,0,0,0,0,0,0,0,0,0,0,0,0,0,0,0,0,0,0,0,0,0
191.06774,0,0,0,0,0,0,0,0,0,0,0,0,0,0,0,0,0,0,0,0,0,0,0,0,0,0,0,0,0,0
330.94792,0,0,0,0,0,0,0,0,0,0,0,0,0,0,0,0,0,0,0,0,0,0,0,0,0,0,0,0,0,0
257.97484,0,0,0,0,0,0,0,0,0,0,0,0,0,0,0,0,0,0,0,0,0,0,0,0,0,0,0,0,0,0
257.97448,0,0,0,0,0,0,0,0,0,0,0,0,0,0,0,0,0,0,0,0,0,0,0,0,0,0,0,0,0,0
310.13034,0,0,0,11181.00693,0,0,0,0,0,0,0,0,0,0,0,0,0,0,0,0,0,0,0,0,0,0,0,0,0,0
458.12061,0,0,0,0,0,0,0,0,0,0,0,0,0,0,0,0,0,0,0,0,0,0,0,16515.21289,0,17179.97007,21523.51172,0,21000000.15,0
624.08562,0,0,0,0,0,0,0,0,0,0,0,0,0,0,0,0,0,0,0,0,0,0,0,0,0,0,0,0,0,0
286.10512,0,0,0,0,0,0,0,0,0,0,0,0,0,0,0,0,0,0,0,0,0,0,0,0,0,0,0,0,0,0
365.17462,0,0,0,0,0,0,0,0,0,0,0,0,0,0,0,0,0,0,0,0,0,0,0,0,0,0,0,0,0,0
369.15461,0,0,0,0,0,0,0,0,0,0,0,0,0,0,0,0,0,0,0,0,0,0,0,0,0,0,0,0,0,0
253.08933,0,0,0,0,0,0,0,0,0,0,0,0,0,0,0,0,0,0,0,0,0,0,0,0,0,0,0,0,0,0
249.10516,0,0,0,0,0,0,0,0,0,0,0,0,0,0,0,0,0,0,0,0,0,0,0,0,0,0,0,0,0,0
357.16331,0,0,0,0,0,0,0,0,0,0,0,0,0,0,0,0,0,76376.42969,56219.25,0,0,451800.1005,0,0,0,0,0,0,0,0
291.11323,0,17568.46484,148100.458,18533.61133,19853.93359,15861.25586,0,200575.5898,24212.00547,12492.52246,0,0,18948.7005,0,24199.49601,0,25485.85742,0,27984.00601,270051.8262,0,15488.004,19298.32003,220089.1401,19656.9668,34414.96875,41567.23438,28949.31836,25978.24601,38559.26172
308.16385,0,0,0,0,0,0,0,0,0,0,0,0,0,0,0,0,0,0,0,0,0,0,0,0,0,0,0,0,0,0
217.9978,0,0,0,0,0,0,0,0,0,0,0,0,0,0,0,0,0,0,0,0,0,0,0,0,0,0,0,0,0,0
236.0824,0,0,0,0,0,0,0,0,0,0,0,0,0,0,0,0,0,0,0,0,0,0,0,0,0,0,0,0,0,0
169.13241,0,0,0,0,0,0,0,0,0,0,0,0,0,0,0,0,0,0,0,0,0,0,0,0,0,0,0,0,0,0
301.09834,0,195007.8516,16526.18359,200881.6328,19189.64453,0,190057.4941,0,2004006.887,16687.5996,19811.33594,1350000.547,210017.5,0,0,2600009.344,25689.87101,31548.6875,0,270054.3101,0,0,33479.1914,34458.63281,33536.97266,390083.5859,46153.007,34599.89453,44762.51172,387200.1328
301.09862,0,0,0,0,0,0,0,0,0,0,0,0,0,0,0,0,0,0,262005.4355,0,2340000.934,19855.16992,0,0,0,0,0,0,0,0
291.05899,0,0,0,0,0,0,0,0,0,0,0,0,0,0,0,0,0,0,27276.29492,0,26266.54297,13536.55859,0,0,0,0,0,0,0,0
361.05548,0,0,0,0,0,0,0,0,0,0,0,0,0,0,0,0,0,0,0,0,0,0,0,0,0,0,0,0,0,0
336.12121,0,0,0,0,0,0,0,0,0,0,0,0,0,0,0,300000053.6,28006007.53,3830028.003,2686006.844,285134.7188,286946.9375,259282.6401,0,0,0,0,0,0,0,0
276.17034,0,0,0,0,0,0,0,0,0,0,0,0,0,0,0,0,0,0,0,0,0,0,0,0,0,0,0,0,0,0
373.1559,0,0,0,0,0,0,0,0,0,0,0,0,0,0,0,12725.88009,124700.0079,0,0,0,0,0,0,0,0,0,0,0,0,0
401.07391,0,0,0,0,0,0,0,0,0,0,0,0,0,0,0,0,0,1523009.5,1009637.492,0,0,572004.4648,0,0,0,11548.1416,17974.35938,0,0,0
449.17435,0,0,0,0,0,0,0,0,0,0,0,0,0,0,0,0,0,0,0,0,0,0,0,0,0,0,0,9762.254883,0,0
365.10148,0,0,0,0,0,0,0,0,0,0,0,0,0,0,0,0,0,0,0,0,0,0,0,0,0,0,0,0,0,0
417.18098,0,0,0,0,0,0,0,0,0,0,0,0,0,0,0,0,0,0,0,0,0,0,0,0,0,0,0,0,0,0
252.0238,0,0,0,0,0,0,0,0,0,0,0,0,0,0,0,0,0,0,0,0,0,0,0,0,0,0,0,0,0,0
242.28351,0,59688.17578,0,55519.67578,0,0,65514.4375,0,0,0,0,0,0,0,500322.4531,111262.5313,0,0,0,10016900.83,0,0,0,0,700371.2813,0,0,0,77532.26563,0
242.28295,0,0,0,0,0,0,0,0,0,0,0,0,0,0,0,0,0,0,0,0,0,0,0,0,0,0,0,0,0,0
219.08162,0,0,0,0,0,0,0,0,0,0,0,0,0,0,0,0,0,0,0,0,0,0,0,0,0,0,0,0,0,0
499.2265,0,0,0,0,0,0,0,0,0,0,0,0,0,0,0,0,0,0,0,0,0,0,0,0,0,0,0,0,0,0
142.0848,0,0,0,0,0,0,0,0,0,0,0,0,0,0,0,0,0,0,0,0,0,0,0,0,0,0,0,0,0,0
265.15885,0,0,0,0,23143.54492,0,0,21858.51172,0,200669.2832,18584.74601,0,0,200647.4219,0,32687.10094,330041.7617,32747.23828,315003.2188,0,42173.65234,287400.959,33137.90063,374800.7695,32964.63281,45916.34375,55369.80086,335006.668,39553.96009,46217.8789
337.06708,0,0,0,0,0,0,0,0,0,0,0,0,0,0,0,0,100212.456,0,0,0,0,0,0,0,0,0,0,0,0,0
314.1445,0,0,0,0,0,0,0,0,0,0,0,0,0,0,0,0,0,0,0,0,0,0,0,0,0,0,0,0,0,0
285.24227,0,0,0,0,0,0,0,0,0,0,0,0,0,0,0,0,0,0,0,0,0,0,0,0,0,0,0,0,0,0
299.25838,0,0,0,0,0,0,0,0,0,0,0,0,0,0,0,0,0,0,0,0,0,0,0,0,0,0,0,0,0,0
313.27241,0,0,0,0,0,0,0,0,0,0,0,0,0,0,0,0,0,0,0,0,0,0,0,0,0,17459.541,14418.59375,0,0,160041.6729
541.36973,0,0,0,0,0,0,0,0,0,0,0,0,0,0,0,0,0,0,0,0,0,0,0,0,0,0,0,0,0,0
189.05079,0,0,0,0,0,0,0,0,0,0,12534.2539,0,0,0,0,13967.65004,0,0,0,0,0,0,0,0,0,0,0,0,0,0
190.08526,0,0,0,0,0,0,0,0,0,0,0,0,0,0,0,0,0,0,0,0,0,0,0,0,0,0,0,0,0,0
351.98526,0,0,0,0,0,0,0,0,0,0,0,0,0,0,0,0,0,0,0,0,0,892004.5234,0,0,0,0,0,0,0,0
294.0755,0,0,0,0,0,0,0,0,0,0,0,0,0,0,0,0,0,0,0,0,0,0,0,0,0,0,0,0,0,0
358.00527,0,0,0,0,0,0,0,0,0,0,0,0,0,0,0,0,0,0,0,0,0,0,0,0,0,0,0,0,0,0
307.10611,0,0,0,0,0,0,0,0,0,0,0,0,0,0,0,0,0,0,0,0,0,0,0,0,0,0,0,0,0,0
307.10516,0,0,0,0,0,0,0,0,0,0,0,0,0,0,0,0,0,0,0,0,0,0,0,0,0,0,0,0,0,0
307.1047,0,0,0,0,0,0,0,0,0,0,0,0,0,0,0,0,0,0,0,0,0,0,0,0,0,0,0,0,0,0
336.12234,1870098.969,2003745.14,1964009.688,2003623.953,256644.7003,225175.0063,20090059.77,215743.1401,2638002.401,2462700.781,25700009.34,2003893.234,262919.4006,186947.0078,219429.1563,0,0,0,0,0,0,0,279494.75,271987.9006,266646.7813,355589.4688,363571.7813,288146.0063,314765.0094,3510046.438
339.0818,12489.6582,0,0,1700003.824,21292.19531,0,17211.00215,1700009.697,227300.0027,13273.74219,31385.23828,0,0,0,0,0,0,0,0,0,0,0,0,0,0,0,13986.27344,0,12443.71875,0
272.11228,0,0,0,0,0,0,0,0,0,0,0,0,0,0,0,0,0,0,0,0,0,0,0,0,0,0,0,0,0,0
440.11008,0,0,0,0,0,0,0,0,0,0,0,0,0,0,0,0,0,0,0,0,0,0,0,0,0,0,0,0,0,0
195.07789,0,0,0,0,130099.4619,0,0,0,0,0,0,0,0,0,0,93400.46484,0,0,0,0,0,0,13135.0042,9873.949219,0,0,0,0,13663.62988,12351.3252
291.0615,0,25185.18945,22562.63281,27994.68164,26593.42188,1720000.488,2800300.996,30000004.97,37319.82813,174900.7539,392004.2383,23458.61328,33322.71484,22998.60055,34375.13672,350055.0078,321006.746,342003.2383,0,33465.00234,0,0,0,200186.9297,179004.1426,200733.6152,282005.2285,0,145006.0039,26644.3418
339.08159,0,0,0,0,0,0,0,0,0,0,0,0,0,0,0,0,0,0,0,0,0,0,0,0,0,0,0,0,0,0
238.03457,0,0,0,0,0,0,0,0,0,0,0,0,0,0,0,0,0,0,0,0,0,0,0,0,0,0,0,0,0,0
244.13071,0,0,0,0,0,0,0,0,0,0,0,0,0,0,0,0,0,0,0,0,0,0,0,0,0,0,0,0,0,0
256.04578,0,0,0,0,0,0,0,0,0,0,0,0,0,0,110046.3801,0,0,0,0,0,0,0,0,0,0,0,0,0,0,0
474.16574,0,0,0,0,0,0,0,0,0,0,0,0,0,0,0,0,0,0,0,0,0,0,0,0,0,0,0,0,0,0
234.13482,0,0,0,0,0,0,0,0,0,0,0,0,0,0,0,0,12441.38379,143600.15,0,0,0,0,0,14343.14453,0,16872.27148,180083.496,0,12676.98242,0
310.07012,0,0,0,0,0,0,0,0,0,0,0,0,0,0,0,0,0,0,0,0,0,0,0,0,0,0,0,0,0,0
310.07106,0,0,0,0,0,0,0,0,0,0,0,0,0,0,0,0,0,0,0,0,0,0,0,0,0,0,0,0,0,0
395.03759,0,0,0,0,0,0,0,0,0,0,0,0,0,0,0,0,0,0,0,0,0,0,0,0,0,0,0,0,0,0
373.21176,0,0,0,0,0,0,0,0,0,0,0,0,0,0,0,0,0,0,0,0,0,0,0,0,0,0,0,0,0,0
401.18586,0,7856.828613,0,0,0,0,0,0,0,0,0,0,0,0,0,0,0,0,0,0,0,0,0,0,0,0,0,0,0,0
387.11914,0,0,0,0,0,0,0,0,0,0,0,0,0,0,0,0,0,0,0,0,0,0,0,0,0,0,0,0,0,0
357.08313,0,0,0,0,0,0,0,0,0,0,0,0,0,0,0,0,0,0,0,0,0,0,0,0,0,0,0,0,0,0
274.17897,0,0,0,0,0,0,0,0,0,0,0,0,0,0,0,0,0,0,0,0,0,0,0,0,0,0,0,0,0,0
154.08533,0,0,0,0,0,9925.983398,0,0,0,138800.5869,11165.77637,12449.80047,12949.54492,0,0,0,0,0,0,5996.585449,0,0,0,0,0,0,0,0,0,0
151.08574,0,0,0,0,0,0,0,0,0,0,0,0,0,0,0,0,0,0,0,0,0,0,0,0,0,0,0,0,0,0
182.0967,0,0,0,0,0,0,0,0,0,0,0,0,0,0,0,0,0,0,0,0,0,0,0,0,0,0,0,0,0,0
292.99825,0,0,0,0,0,0,0,0,0,0,0,0,0,0,0,0,0,0,0,0,0,0,0,0,0,0,0,0,0,0
282.03156,0,0,0,0,0,0,0,0,0,0,0,0,0,0,0,0,0,0,0,0,0,0,0,0,0,0,0,0,0,0
300.03501,0,0,0,0,0,0,0,0,0,0,0,0,0,0,0,0,0,0,0,0,0,0,0,0,0,0,0,0,0,0
245.9901,0,0,0,0,0,0,0,0,0,0,0,0,0,0,0,0,0,0,0,0,0,0,0,0,0,0,0,0,0,0
190.02304,72737.75,0,0,0,0,0,0,0,0,125598.2344,0,0,95574.46875,0,0,49674.27734,47812.54688,0,0,0,48411.33594,48688.54688,0,0,51111.3164,54637.34766,63518.64006,0,0,0
190.02349,0,1000000600,81492.45313,89726.29688,75767.00156,1110093.96,97427.00313,1100593.3,11001800.81,0,1001386.125,1200619.82,0,10068005.79,115983.0063,0,0,52361.72266,4007400.652,45374.62101,0,0,410053.457,51975.33594,38956.832,0,0,45738.00352,529008.7852,59235.60055
190.02296,0,0,0,0,0,100546.0038,0,0,0,0,0,0,0,0,0,0,0,0,0,0,0,0,0,0,0,0,0,0,0,0
190.02394,0,0,0,0,0,0,0,0,0,0,0,0,0,0,0,0,0,0,0,0,0,0,0,0,0,0,0,0,0,0
190.02285,0,0,0,0,0,0,0,0,0,0,0,0,0,0,0,0,0,0,0,0,0,0,0,0,0,0,0,0,0,0
264.01733,0,0,0,0,0,0,0,0,0,0,0,0,0,0,0,0,0,0,0,0,0,0,0,0,0,0,0,0,0,0
221.97155,0,0,0,0,0,0,0,0,0,0,0,0,0,0,0,0,0,0,0,0,0,0,0,0,0,0,0,0,0,121700.9746
361.0812,0,0,0,0,0,0,0,0,0,0,0,0,0,0,0,0,0,0,0,0,0,0,0,0,0,0,0,0,0,0
361.08139,0,0,0,0,0,0,0,0,0,0,0,0,0,0,0,0,0,0,0,0,0,0,0,0,0,0,0,0,0,0
361.08209,0,0,0,0,0,0,0,0,0,0,0,0,0,0,0,0,0,0,0,0,0,0,0,0,0,0,0,0,0,0
361.08066,0,0,0,0,0,0,0,0,0,0,0,0,0,0,0,0,0,0,0,0,0,0,0,0,0,0,0,0,0,0
165.06505,0,0,0,0,0,0,0,0,0,0,0,0,0,0,0,0,0,0,0,0,0,0,0,0,0,9128.365234,0,0,0,0
293.13102,0,0,0,0,0,0,0,0,0,0,100495.8501,0,0,0,0,0,0,0,0,0,0,0,0,0,0,0,0,0,0,0
167.11701,0,0,0,0,0,0,0,0,0,0,0,0,0,0,0,0,0,0,0,0,0,0,0,0,0,0,0,0,0,0
176.11715,0,0,0,0,0,0,0,0,0,0,0,0,0,0,0,0,0,0,0,0,0,0,0,0,0,0,0,0,0,0
196.05306,0,0,0,0,0,0,0,0,0,0,0,0,0,0,0,0,0,0,0,0,0,0,0,0,0,0,0,0,0,0
144.07581,0,0,0,0,0,0,0,0,0,0,0,0,0,0,0,0,0,0,0,0,0,0,0,0,0,0,0,0,100185.9219,0
123.0433,0,0,0,0,0,0,0,0,0,0,0,0,0,0,0,0,0,0,0,0,0,0,0,0,0,0,0,0,0,0
123.04329,0,0,0,0,0,0,0,0,0,0,0,0,0,0,0,0,0,0,0,0,0,0,0,0,0,0,0,0,0,0
213.05104,0,0,0,0,0,0,0,0,0,0,0,0,0,0,0,0,0,0,0,0,0,0,0,0,0,0,0,0,0,0
151.07354,0,0,0,0,0,0,0,0,0,0,0,0,0,0,0,0,0,0,0,0,0,0,0,0,0,0,0,0,0,0
294.05019,0,0,0,0,0,0,0,0,0,0,0,0,0,0,0,0,0,0,0,0,0,0,0,0,0,0,0,0,0,0
294.05017,0,0,0,0,0,0,0,0,0,0,0,0,0,0,0,0,0,0,0,0,0,0,0,0,0,0,0,0,0,0
279.13981,0,0,0,0,0,0,0,0,0,0,0,0,0,0,0,120075.8945,0,0,0,0,0,0,0,0,0,0,0,0,0,0
275.08382,0,0,0,0,0,0,0,0,0,0,0,0,0,0,0,0,0,0,0,0,0,0,0,0,0,0,0,0,0,0
130.09641,0,0,0,0,0,0,0,0,0,0,0,0,0,0,0,0,161100.3242,163007.371,18578.51563,16499.81445,16712.666,0,0,16329.65723,0,0,193008.25,17425.14258,0,220053.7773
505.23725,0,0,0,0,0,0,0,0,0,0,0,0,0,0,0,0,0,0,0,0,0,0,0,0,0,0,0,0,0,0
210.13246,0,0,0,0,1460000.729,0,0,0,0,0,0,0,0,0,0,218007.293,250082.7832,18618.18945,162100.3004,0,16358.71009,0,0,0,0,0,0,0,0,0
237.09252,0,0,0,0,0,0,0,0,0,0,0,0,0,0,0,0,0,0,0,0,0,0,0,0,0,0,0,0,0,0
264.23122,0,0,0,0,0,0,0,0,0,0,0,0,0,0,0,0,0,0,0,0,0,0,0,0,0,0,0,0,0,0
145.02755,0,0,0,0,0,0,0,0,0,0,0,0,0,0,0,0,6847.00201,0,0,6932.663574,0,0,12159.999,130073.5008,0,14522.5996,14864.90072,116500.6768,0,0
285.99951,0,0,0,0,0,0,0,0,0,0,0,0,0,0,0,0,0,0,0,0,0,0,0,0,0,0,0,0,0,0
285.99917,0,0,0,0,0,0,0,0,0,0,0,0,0,0,0,0,0,0,0,0,0,0,0,0,0,0,0,0,0,0
285.99928,0,0,0,0,0,0,0,0,0,0,0,0,0,0,0,0,0,0,0,0,0,0,0,0,0,0,0,0,0,0
273.12249,0,0,0,0,0,0,0,0,0,0,0,0,0,0,0,300142.9219,26948.51563,29943.73633,228200.2007,300432.2009,27878.38672,21676.63009,0,0,17197.58594,0,0,0,0,0
341.30457,0,0,0,0,0,0,0,0,0,0,0,0,0,0,0,0,0,0,0,0,0,0,0,0,0,0,0,0,0,0
369.33584,0,0,0,0,0,0,0,0,0,0,0,0,0,0,0,0,0,0,0,0,0,0,0,0,0,0,0,0,0,0
291.11496,0,0,0,0,0,0,0,0,0,0,0,0,0,0,0,29286.22852,0,33931.67969,0,0,27273.63867,0,0,0,0,0,0,0,0,0
221.19084,0,0,0,0,0,0,0,0,0,0,0,0,0,0,0,0,0,0,0,0,0,0,0,0,0,0,0,0,0,0
183.15086,0,0,0,0,0,0,0,0,0,0,0,0,0,0,0,0,0,0,0,0,6744.256836,0,0,0,0,0,0,0,0,0
323.09697,0,0,0,0,0,0,0,0,0,0,0,0,0,0,0,18719.10074,13716.58594,15664.94336,0,13735.96875,0,0,1000088.736,11868.98828,0,181800.3262,0,15958.33398,0,0
303.07913,0,300793.7148,28831.373,24688.00586,38313.51172,38967.66401,31368.92773,32213.7539,38193.00501,37454.71009,447500.4601,29466.5957,0,0,26338.51172,38522.23438,0,0,0,0,0,0,0,0,11736.004,0,23126.58789,15595.00752,0,200995.6401
303.0802,0,0,0,0,0,0,0,0,0,0,0,0,0,250084.82,0,0,32634.95313,45265.38672,31121.86914,300245.334,324002.4219,0,11125.76367,0,0,0,0,0,0,0
293.0772,52947.37101,75649.32813,79297.1875,9002100.828,85216.89844,7700003.75,96181.30047,93755.53901,111844.3438,64445.34375,11630000.27,87937.69531,94337.95313,0,82719.59375,113294.9844,913300.9375,114876.0047,85953.65625,9700600.523,900154.5781,5007003.957,300521.8,0,400995.2422,59245.33984,82392.32003,5800002.832,57353.54688,49964.51953
240.16971,0,0,0,0,0,0,0,0,0,0,0,0,0,0,0,0,0,0,0,0,0,0,0,0,0,0,0,0,0,0
218.08058,0,0,0,0,0,0,0,0,0,0,0,0,0,0,0,0,0,0,0,0,0,0,0,0,0,0,0,0,0,0
259.08933,16843.79883,24892.7246,19794.13477,19735.73828,27957.74002,37792.84375,24242.00977,312800.3398,29862.7005,26889.77734,41636.00156,33676.62101,28948.00176,23852.96484,28559.69727,379002.5234,28182.79883,0,0,0,0,0,0,0,1009800.401,0,0,0,0,144500.0082
445.03869,0,0,0,0,0,0,0,0,0,0,0,0,0,0,0,0,0,0,0,0,0,0,0,0,0,0,0,0,0,0
240.08306,0,0,0,0,0,0,0,0,0,0,0,0,0,0,0,0,0,0,0,0,0,0,0,0,0,0,0,0,0,0
129.10179,0,0,0,0,0,0,0,0,0,0,0,0,0,0,0,2100600.459,15376.14844,14424.34863,0,158006.5117,15317.65918,9666.765625,0,17268.98828,0,22564.53125,22131.10055,15614.31934,13194.72656,0
129.1015,0,0,0,0,0,0,0,0,0,0,0,0,0,0,0,0,0,0,0,0,0,0,0,0,0,0,0,0,0,0
438.13054,0,0,0,0,0,0,0,0,0,0,0,0,0,0,0,0,0,0,0,0,0,0,0,0,0,0,0,0,0,0
373.12119,0,0,0,0,0,0,0,0,0,0,0,0,0,0,0,0,0,0,0,0,200518.496,15671.40043,0,0,0,0,0,0,0,0
365.21027,19349.11523,22512.44531,27273.46875,25195.53901,275900.3633,18748.83789,240083.5664,29647.89844,33885.4375,19252.28125,31353.88672,27441.007,340088.9601,21944.93164,29935.20012,46594.38672,42512.51563,49454.4375,0,37465.00547,36879.59766,0,361700.6992,400262.418,36926.92969,524700.9336,56843.51563,381009.2578,52625.11719,600115.5004
365.21236,0,0,0,0,0,0,0,0,0,0,0,0,0,0,0,0,0,0,36412.97656,0,0,27689.86719,0,0,0,0,0,0,0,0
365.21215,0,0,0,0,0,0,0,0,0,0,0,0,0,0,0,0,0,0,0,0,0,0,0,0,0,0,0,0,0,0
243.13268,0,0,0,0,0,0,0,0,0,0,0,0,0,0,0,0,0,0,0,0,0,0,0,0,0,0,0,0,0,0
482.11995,0,0,0,0,0,0,0,0,0,0,0,0,0,0,0,0,0,0,0,0,0,0,0,0,0,0,0,0,0,0
315.1169,0,0,0,0,0,0,0,0,0,0,0,0,0,0,0,0,0,0,0,0,0,0,0,0,100117.1924,15855.22168,183006.2383,0,150042.748,16944.7871
327.08138,0,0,0,0,0,0,0,0,0,0,0,0,0,0,0,0,0,0,0,0,0,0,0,0,0,0,0,0,0,0
241.10821,0,0,0,0,0,0,0,0,0,0,0,0,0,0,0,0,0,0,0,0,0,0,0,0,0,0,0,0,0,0
162.11134,0,0,0,0,0,0,0,0,12214.12598,0,0,0,0,0,0,658300.1953,812006.1172,84241.73438,590089.7383,687300.3281,71899.51563,63156.99219,10079900.15,88917.72656,86121.42969,1200168.313,121182.9531,111747.1797,1003925.009,115784.6797
167.081,0,0,0,0,0,0,0,0,0,0,0,0,0,0,0,0,0,0,0,0,0,0,0,0,0,0,0,0,0,0
215.11646,0,0,0,0,0,0,0,0,0,0,0,0,0,0,0,0,0,0,0,0,0,0,0,0,0,0,0,0,0,0
202.04986,0,0,0,0,0,0,0,0,0,0,0,0,0,0,0,0,0,0,0,0,0,0,0,0,0,0,0,0,0,0
172.03876,5880041.625,8389005.938,8375800.313,896176.25,845683.125,729852.8125,7865800.813,874166.5625,98300008,757868.8125,9519300.563,6790093.875,881941.75,8006817.438,100336100,846117.25,8758900.438,914368.9375,812328.875,9144900.938,868299.1875,0,12767007.75,12510025,1161617.25,1542688,15900872.25,1297516.25,16480088.75,14008244.25
172.03867,126952.5313,154453.6009,165898.875,1800493.328,172329.4688,133278.4006,154254.9219,164715.9375,1900856.75,13000013.54,1750037.438,136498.8125,176488.9531,1449200.781,2006242.328,199757.8901,1800555.672,165124.2969,167236.5469,1790061.006,17002005.01,1330011.156,199955.1009,194438.6401,183619.9844,244962.2813,262399.1563,211939.5313,244748.8901,2400348.344
172.03898,0,0,0,0,0,0,0,0,0,0,0,0,0,0,0,0,0,0,0,0,0,0,0,0,0,0,0,0,0,0
172.0389,0,0,0,0,0,0,0,0,0,0,0,0,0,0,0,0,0,0,0,0,0,766992.25,0,0,0,0,0,0,0,0
172.03861,0,0,0,0,0,0,0,0,0,0,0,0,0,0,0,0,0,0,0,0,0,0,0,0,0,0,0,0,0,0
172.03848,0,0,0,0,0,0,0,0,0,0,0,0,0,0,0,0,0,0,0,0,0,0,0,0,0,0,0,0,0,0
253.16364,0,0,0,0,0,0,0,0,0,0,0,0,0,0,0,0,0,0,0,0,0,0,0,0,12928.16992,0,170082.3574,0,13229.11133,136001.5371
347.12734,0,0,0,0,0,0,0,0,0,0,0,0,0,0,0,0,0,0,0,0,0,0,0,0,0,0,0,0,0,0
228.16962,0,0,0,0,0,0,0,0,0,0,0,0,0,0,0,0,0,0,0,0,0,0,0,0,0,0,0,0,0,0
265.03698,0,0,0,0,0,0,0,0,0,0,0,0,0,0,0,0,0,0,0,0,0,0,0,12811.42871,0,0,0,0,0,0
118.06845,0,0,0,0,0,0,0,0,0,0,0,0,0,0,0,0,0,0,0,0,0,0,0,0,0,0,0,0,0,0
128.04823,0,0,0,0,0,0,0,0,0,0,0,0,0,0,0,0,0,0,0,0,0,0,0,0,0,0,0,0,0,0
144.04356,144832.375,171275.0078,175363.8125,21600200.27,20000687.52,1796400.328,1479008.484,183843.4375,194684.1401,174754.6875,249649.5625,137767.3281,2009176.234,181237,2004792.844,2007293.813,2005969.859,247223.2344,176973.25,1964004,2100173.101,198247.7003,381932.1563,2920053.401,292173.7188,411334.3438,3575001.003,344679.25,448386.0063,3641900.313
144.0437,0,0,0,0,0,0,0,0,0,0,0,0,0,0,0,0,0,0,0,0,0,0,0,0,0,0,0,0,0,0
236.07724,0,0,0,0,0,0,0,0,0,0,0,0,0,0,0,0,0,0,0,0,0,0,0,0,0,0,0,0,0,0
269.11502,0,0,0,0,0,0,0,0,0,0,0,0,0,0,0,0,0,0,0,0,0,0,100995.1009,0,0,0,0,0,11473.8623,100747.9648
227.97969,0,0,0,0,0,0,0,0,0,0,4269.600006,0,0,0,0,0,0,0,0,0,0,0,0,0,0,0,0,0,0,0
259.10623,0,0,0,0,0,0,0,0,0,0,0,0,0,0,0,0,0,0,0,0,0,0,0,0,0,0,190037.6738,0,0,0
417.12598,0,0,0,0,0,0,0,0,0,0,0,0,0,0,0,0,148700.498,0,0,0,0,0,0,0,0,0,0,0,0,0
187.14311,0,0,0,0,0,0,0,0,0,0,0,0,0,0,0,0,0,0,0,0,0,0,0,0,0,0,0,0,0,0
260.12858,0,0,0,0,0,0,0,0,0,0,0,0,0,0,0,0,0,0,0,0,0,0,0,0,0,0,0,0,0,0
488.26181,0,0,0,0,0,0,0,0,0,0,0,0,0,0,0,0,0,0,0,0,0,0,0,0,0,0,0,0,0,0
275.13899,16862.16002,0,0,17729.33,0,27971.00008,15866.87201,0,0,154001.2637,17962.7793,0,17679.42383,0,0,23682.91992,0,25286.71875,18184.83594,0,0,28951.91401,25117.873,0,100981.46,0,18511.00293,0,18216.92383,0
250.08609,0,0,21513.39648,0,0,200265.2852,0,0,0,0,0,0,0,0,250075.005,28313.54688,0,0,0,0,0,0,0,0,0,0,0,0,0,0
429.21745,63319.22266,66429.007,77271.42969,77355.17188,860038.5234,74539.71009,600282.8789,500247.5586,46422.38672,600969.3005,64247.72266,500666.6875,52786.0082,45488.2539,42839.00859,0,0,0,0,0,0,0,58429.20031,58464.29297,44792.33984,52551.94922,69316.50078,47218.66401,61419.40023,65463.96009
429.21748,16382.67188,18959.8457,0,19875.83594,0,0,0,0,0,0,160088.6182,0,12563.31005,0,11852.49601,1005235.14,837100.6484,126246.2969,86257.76563,89185.82813,96355.22656,69524.75,0,0,0,0,0,0,0,0
429.21864,0,0,0,0,22414.51367,0,0,11995.00186,0,14454.29492,0,0,0,0,0,0,154900.2451,23347.8418,194009.8145,18631.78516,0,0,157600.1885,0,0,0,0,0,17186.5332,122002.4512
445.25999,0,0,0,0,0,0,0,0,0,0,0,0,0,0,0,0,0,0,0,0,0,0,0,0,0,0,0,0,0,0
156.04154,0,0,0,0,0,0,0,0,0,0,0,0,0,0,0,0,88003.18164,1005005.686,0,7924.895996,0,0,0,16435.15234,15725.28418,16913.14258,18576.72852,14917.00615,14756.2334,16445.33984
234.01338,233493.3281,312281.8438,246488.9844,2833800.656,295995.3438,31000028.69,294771.0031,369772.0031,3600151,436437.5313,3300574.009,418449.5625,384927.875,3287400.156,381124.2188,169441.9219,197515.4219,1980097.601,1590019.328,151215.3281,128962.9766,151427.2344,151939.5781,164419.4375,162593.7344,192487.7344,238495.4688,147323.1875,162432.7003,185823.4375
234.01368,0,0,0,0,0,0,0,0,0,0,0,0,0,0,0,0,0,0,0,0,0,0,0,0,0,0,0,0,0,0
253.1215,0,0,0,0,0,0,0,0,0,0,0,0,0,0,0,0,0,0,0,0,0,0,0,0,0,0,0,0,0,0
306.04359,0,0,0,0,0,0,0,0,0,0,0,0,0,0,0,0,0,0,0,0,0,0,0,0,0,0,0,0,0,0
212.03108,500742.9648,700247.2101,61468.59375,630082.7773,69428.60094,55366.30086,58477.89006,73822.67188,75271.61719,56688.39006,65283.0082,69592.25781,710026.1953,76931.34375,73344.84375,43725.53901,0,0,0,439006.375,0,0,300844.2793,44116.00008,465002.746,43567.64844,41793.35156,45888.63672,450022.9766,519700.0082
212.03107,0,0,0,0,0,0,0,0,0,0,0,0,0,0,0,0,0,0,0,0,0,0,0,0,0,0,0,0,0,0
212.03132,0,0,0,0,0,0,0,11349.00137,0,0,0,0,0,0,0,0,0,0,0,0,0,0,0,0,0,0,12753.42285,0,0,0
212.03149,0,0,0,0,0,0,0,0,0,0,0,0,0,0,0,0,400242.3867,365100.5004,41926.1289,0,44978.10016,300594.291,0,0,0,0,0,0,0,0
212.03136,0,0,0,0,0,0,0,0,0,0,0,0,0,0,0,0,0,0,0,0,0,0,0,0,0,0,0,0,0,0
212.03068,0,0,0,0,0,0,0,0,0,0,0,0,0,0,0,0,0,0,0,0,0,0,0,0,0,0,0,0,0,0
212.03086,0,0,0,0,0,0,0,0,0,0,0,0,0,0,0,0,0,0,0,0,0,0,0,0,0,0,0,0,0,0
212.03071,0,0,0,0,0,0,0,0,0,0,0,0,0,0,0,0,0,0,0,0,0,0,0,0,0,0,0,0,0,0
212.03115,0,0,0,0,0,0,0,0,0,0,0,0,0,0,0,0,0,0,0,0,0,0,0,0,0,0,0,0,0,0
143.06329,0,0,0,0,0,0,0,0,0,0,0,0,0,0,0,0,0,0,0,0,0,0,0,0,0,0,0,0,0,0
337.06569,0,0,0,0,0,0,0,0,100976.5576,0,154400.8662,0,0,0,0,0,0,0,0,0,0,0,0,0,0,0,0,0,0,0
132.04398,0,0,0,0,0,0,0,0,0,0,0,0,0,0,0,0,0,0,0,0,8451.941401,0,14752.43652,1700600.816,180035.7578,200317.584,0,16688.82813,21946.0001,17789.41401
175.03785,0,0,0,0,0,0,0,0,0,0,0,0,0,0,0,0,0,0,0,0,0,0,0,0,0,0,0,0,0,0
224.1041,181007.5254,24259.57813,0,200484.9601,0,200669.2441,0,160054.0039,28834.25586,0,0,0,0,0,0,0,0,0,0,0,0,218004.2852,0,0,0,0,0,0,0,0
288.03035,0,0,0,0,0,0,0,0,0,0,0,0,0,0,0,0,0,0,0,0,0,0,0,0,0,0,0,0,0,0
335.1021,0,0,22418.00352,24195.72852,0,0,22844.28516,230015.4297,26827.29688,18298.00781,0,15824.33496,24482.73242,170083.7617,2900008,33291.44922,29418.55008,383003.6758,31992.8496,322003.1348,0,18933.45898,26646.65625,31771.7009,0,44931.90023,45115.36719,0,0,420069.8242
335.10202,0,0,0,0,0,0,0,0,0,0,0,0,0,0,0,0,0,0,0,0,0,0,0,0,8131.340082,0,0,0,0,0
264.10469,0,0,0,0,0,0,0,0,0,0,0,0,0,0,0,0,0,0,0,0,0,0,0,0,0,0,0,0,0,0
135.0906,0,0,0,0,0,0,0,0,0,0,0,0,0,0,0,0,0,0,0,0,0,0,0,0,0,0,0,0,0,0
283.16873,780033.2578,132894.4531,120000002.3,1600299.672,148755.0047,54519.14844,127866.1002,100800501,138426.5313,427400.0094,10000835.18,75279.57003,121356.5625,94531.74219,1270089.984,1005189.133,1221800.914,84682.00156,119837.9601,126359.9844,113111.7188,53881.97266,545700.8242,97664.54688,1003929.648,155587.1401,142693.9375,149339.0047,86857.125,16007002
389.09458,300452.2344,38592.10055,38172.79297,28955.4414,37831.83984,3270000.002,29515.76172,31738.43945,265400.3848,33728.53516,388100.007,33584.53901,29933.28901,26976.008,236006.3,78552.36719,71893.17969,943500.414,65224.42578,65826.64844,724001.2578,0,3600007.895,542900.4375,38315.00469,38738.42969,500535.8281,38374.78516,61431.90023,400721.0082
389.09559,0,0,0,0,0,0,0,0,0,0,0,0,0,0,0,0,0,0,0,0,0,58211.61328,0,0,0,0,0,0,0,0
389.0959,0,0,0,0,0,0,0,0,0,0,0,0,0,0,0,0,0,0,0,0,0,0,0,0,0,0,0,0,0,0
389.09536,0,0,0,0,0,0,0,0,0,0,0,0,0,0,0,0,0,0,0,0,0,0,0,0,0,0,0,0,0,0
389.09273,0,0,0,0,0,0,0,0,0,0,0,0,0,0,0,0,0,0,0,0,0,0,0,0,0,0,0,0,0,0
389.09527,0,0,0,0,0,0,0,0,0,0,0,0,0,0,0,0,0,0,0,0,0,0,0,0,0,0,0,0,0,0
276.16019,0,0,0,0,0,0,0,0,0,0,0,0,0,0,0,0,0,0,0,0,0,0,0,0,0,0,0,0,0,0
247.16856,26543.37695,53628.60094,48957.38281,57529.875,57233.00008,36735.25,51818.6289,41225.32813,55821.73828,0,59211.76953,375300.48,490095.918,34898.69922,463800.4883,98867.14006,85241.6875,0,0,0,0,0,49494.4414,68985.65625,51981.51172,76528.42188,94674.9375,72194.24219,627003.8789,82371.97656
449.17731,0,0,0,0,0,0,0,0,0,0,0,0,0,0,0,0,0,0,0,0,0,0,0,0,0,0,0,0,0,0
144.04847,0,0,0,0,0,0,0,0,0,0,0,0,0,0,0,0,0,0,0,0,0,0,0,0,0,0,0,0,0,0
335.10076,0,0,0,0,0,0,0,0,0,0,0,0,0,0,0,0,0,0,0,0,0,0,0,0,0,0,0,100158.3877,0,0
317.09158,0,0,0,0,0,0,0,0,0,0,0,0,0,0,0,0,0,0,0,0,0,0,0,0,0,0,0,0,0,0
104.10633,0,0,0,0,0,0,0,0,0,0,0,0,0,0,0,0,0,0,0,0,0,0,0,0,0,0,0,0,0,0
339.07334,0,0,0,0,0,0,0,0,0,0,0,0,0,0,0,0,0,0,0,0,0,0,0,0,0,0,0,0,0,0
287.94329,0,0,0,23157.51758,0,21679.11133,0,24449.1875,213100.7383,0,0,0,23313.92578,26188.16401,23392.1289,19555.84375,200769.834,0,0,0,0,400795.4531,27855.86523,32141.73828,317001.9199,22721.19727,35425.79297,22512.22656,34858.48438,21741.10016
287.9428,0,0,0,0,0,0,0,0,0,0,0,0,0,0,0,0,0,0,0,0,0,0,0,0,0,0,0,0,0,0
287.94358,0,0,0,0,0,0,0,0,0,0,0,0,0,0,0,0,0,0,0,0,0,0,0,0,0,0,0,0,0,0
263.06715,0,0,0,0,0,0,0,0,0,0,0,0,0,0,0,0,0,0,0,0,0,0,0,0,0,0,0,0,0,0
156.04168,0,0,0,0,0,4869.41455,0,0,0,0,0,0,0,0,0,143912.4688,149823.0063,1200411.953,144596.4531,159818.4375,1426700.344,1300823.383,167755.625,1600494.922,2200666.531,1611003.984,162959.7969,195463.7344,1500365.2,169618.9844
393.00279,0,0,0,0,0,0,0,0,0,0,0,0,0,0,0,0,0,0,0,0,0,0,0,0,0,0,0,0,0,0
393.00234,0,0,0,0,0,0,0,0,0,0,0,0,0,0,0,0,0,0,0,0,0,0,0,0,0,0,0,0,0,0
393.00176,0,0,0,0,0,0,0,0,0,0,0,0,0,0,0,0,0,0,0,0,0,0,0,0,0,0,0,0,0,0
153.10102,0,0,0,0,0,0,0,0,0,0,0,0,0,0,0,0,0,0,0,0,0,0,0,0,0,0,0,0,0,0
161.09581,0,0,0,0,0,0,0,0,0,0,0,0,0,0,0,0,0,0,13749.24219,0,0,0,0,0,0,0,0,0,0,0
298.09753,0,0,0,0,0,0,0,0,0,0,0,0,0,0,0,0,0,0,0,0,0,0,0,0,0,0,0,0,0,0
298.09608,0,0,0,0,0,0,0,0,0,0,0,0,0,0,0,0,0,0,0,0,0,0,0,0,0,0,0,0,0,0
233.15183,0,0,0,0,0,0,0,0,0,0,0,0,0,0,0,0,0,0,0,0,0,0,0,0,0,0,0,0,0,0
244.06546,0,0,0,0,0,0,0,0,0,0,0,0,0,0,0,0,0,0,0,0,0,0,0,0,0,0,0,0,0,0
259.92718,0,0,0,0,0,0,0,0,0,16481.90043,0,200325.0053,0,0,15212.94629,0,0,250068.0096,15412.2006,0,15593.94824,334003.3633,37149.00352,4009900.007,0,29148.5625,341005.4727,26527.32813,42528.60094,28237.64648
259.92725,0,0,0,0,0,0,0,0,0,0,0,0,0,0,0,0,0,0,0,0,0,22511.20012,0,0,0,0,0,0,0,0
476.97728,0,0,0,0,0,0,0,0,0,0,0,0,0,0,0,0,0,0,0,0,0,0,0,0,0,0,0,0,0,0
397.0233,0,0,0,0,0,0,0,0,0,0,0,0,0,0,0,0,0,0,0,0,0,0,0,0,0,0,0,0,0,0
160.07772,0,0,0,0,0,0,0,0,0,0,0,0,0,0,0,0,0,0,0,0,0,0,0,8136.274414,0,0,0,0,0,0
265.25216,0,12189.94238,0,14414.26367,13269.47656,184700.7383,167100.3457,0,15856.0042,0,0,12849.008,0,0,13761.97007,0,0,0,0,0,0,0,0,0,0,0,0,0,0,0
279.97709,0,0,0,0,0,0,0,0,0,0,0,0,0,0,0,0,0,0,0,0,0,0,0,0,0,0,0,0,0,0
335.07584,0,0,0,0,0,0,0,0,0,0,0,0,0,0,0,0,0,0,0,0,0,0,0,0,0,0,0,0,0,0
140.0666,0,0,0,0,0,0,0,0,0,0,0,0,0,0,0,16772.77539,164700.66,130018.7813,14131.21973,17885.77734,15825.69004,11343.83984,13416.54883,13587.94629,17912.32422,17294.33398,0,18436.35547,0,18281.00601
257.18689,0,0,0,0,0,0,0,0,0,0,0,0,0,0,0,0,0,0,0,0,0,0,0,0,0,0,0,0,0,0
238.09206,0,0,0,0,0,0,0,0,0,0,0,0,0,0,0,0,0,0,0,0,0,0,0,0,0,0,0,0,0,0
195.08205,0,7873.001514,0,11926.71191,0,0,0,0,0,0,0,0,0,0,0,0,0,0,0,0,0,0,0,0,0,0,0,0,0,0
271.167,0,0,0,0,0,0,0,0,0,0,0,0,0,0,0,0,0,0,0,0,0,0,0,0,0,0,0,0,0,0
263.23587,0,0,0,0,0,0,0,0,0,0,0,0,0,0,0,0,0,0,0,0,0,0,0,0,0,0,0,0,0,0
211.07333,0,0,0,0,0,0,0,0,0,0,0,0,0,0,0,0,0,0,0,0,0,0,0,0,0,0,0,0,0,0
211.07466,0,0,0,0,0,0,0,0,0,0,0,0,0,0,0,0,0,0,0,0,0,0,0,0,0,0,0,0,0,0
136.06143,17682.47852,272006.2637,321009.23,27365.91002,28374.41401,36281.582,26978.97266,250084.8652,31531.98005,22299.71484,28654.24002,200726.0016,3003004.959,31994.53125,35766.26953,54442.73438,51438.53516,69673.57003,52839.332,57918.17578,61321.86328,492200.125,78612.57003,69235.125,566700.9258,700226.539,8003005.2,65611.00234,86891.24219,61914.39453
268.10443,0,0,0,0,0,0,0,0,0,0,0,0,0,0,0,0,13643.55762,0,0,0,0,0,0,0,0,0,0,0,0,0
428.03705,0,0,0,0,0,0,0,0,0,0,0,0,0,0,0,0,0,0,0,0,0,0,0,0,0,0,17262.57227,0,0,0
348.0695,0,0,0,0,0,0,0,0,18246.8789,0,0,0,17446.92969,0,0,240038.5008,22416.51172,33894.65625,0,24171.7832,22895.76367,220025.8457,36854.51563,29473.59375,24851.14648,44117.73828,46387.66797,310019.752,43837.00156,41935.3164
348.07078,0,0,0,0,0,0,0,0,0,0,0,0,0,0,0,0,0,0,21833.8418,0,0,0,0,0,0,0,0,0,0,0
203.13844,0,0,0,0,0,0,0,0,0,0,0,0,0,0,0,0,0,0,0,0,0,0,0,0,0,0,0,0,0,0
681.57756,0,0,0,0,0,0,0,0,0,0,0,0,0,0,0,0,0,0,0,0,0,0,0,0,0,0,0,0,0,13526.93007
387.32189,0,0,24276.5371,0,0,0,22149.18359,0,0,0,0,0,0,0,0,0,0,0,0,220057.1719,0,0,0,0,0,0,0,0,0,0
459.28044,0,0,0,0,0,0,0,0,0,0,0,0,0,0,0,0,0,0,0,0,0,0,0,0,0,0,0,0,0,0
303.21463,0,0,0,0,0,0,0,0,0,0,0,0,0,0,0,0,0,0,0,0,0,0,0,0,0,0,0,0,0,0
272.17229,0,0,0,0,0,0,0,0,0,0,0,0,0,0,0,0,0,0,0,0,0,0,0,0,0,0,0,0,0,0
575.27962,0,0,0,0,0,0,0,0,0,0,0,0,0,0,0,0,0,0,0,0,0,0,0,0,0,0,0,0,0,0
246.14583,0,0,0,0,0,0,0,0,0,0,0,0,0,0,0,0,0,0,0,0,0,0,0,0,0,0,0,0,0,0
174.05313,0,0,0,0,0,0,0,0,0,0,0,0,0,0,0,0,26684.00645,0,0,0,0,0,0,0,0,0,0,0,0,0
373.04909,0,0,0,0,0,0,0,0,0,0,0,0,0,0,0,0,0,0,0,0,0,0,0,0,0,0,0,0,0,0
214.06194,0,0,0,0,0,0,0,0,0,0,0,0,0,0,0,0,0,0,0,0,0,0,0,0,0,0,0,0,0,0
399.14382,0,0,0,0,0,0,0,0,0,0,0,0,0,0,0,0,0,0,0,0,0,0,0,0,0,0,0,0,0,0
122.05955,0,0,0,0,0,0,0,0,0,0,0,0,0,0,0,0,0,0,0,0,0,0,0,0,0,0,0,0,0,0
178.13316,255981.8438,229643.2344,2235003.234,2427400.781,3007894.003,341584.5938,264422.0063,222415.2188,1760085.75,254644.875,247137.9375,237248.7969,2153007.797,186879.75,143147.2188,3422300.281,317958.9688,3658900.5,254182.8125,2820077.313,3004224.006,2956100.003,139397.7813,0,0,0,0,0,1656200.688,0
223.11058,0,0,0,0,0,0,0,0,0,0,0,0,0,0,0,0,0,0,0,0,0,0,0,0,0,0,0,0,0,0
237.07851,0,0,0,0,0,0,0,0,0,0,0,0,0,0,0,0,0,0,0,0,0,0,0,0,0,0,0,0,0,0
307.2053,35257.26953,41262.91401,398007.2578,400661.1836,38833.55008,45331.60016,400213.0035,44883.57422,550092.0031,6000029.16,540044.3945,45257.8789,500617.9601,42877.8125,47815.71009,52232.89453,47399.6875,671700.5469,56393.1875,478006.0094,48489.625,0,75669.21875,74226.80047,73715.86719,800429.6172,748700.0039,69181.00313,86315.80047,78333.83594
353.2113,0,0,0,0,0,0,0,0,0,0,0,0,0,0,0,0,0,0,0,0,0,0,13361.3584,0,0,0,13442.70031,0,14447.999,0
353.21181,0,0,0,0,0,0,0,0,0,0,0,0,0,0,0,0,0,13755.3789,0,0,0,0,0,0,0,0,0,0,0,0
209.09428,0,0,0,9191.45002,0,0,0,0,0,0,0,0,0,0,100841.1377,0,0,0,0,9698.800008,0,0,16965.95313,0,0,17128.84375,180079.5332,12675.00898,0,0
547.2851,0,0,0,0,0,0,0,0,0,0,0,0,0,0,0,0,0,0,0,0,0,0,0,0,0,0,0,0,0,0
547.28377,0,0,0,0,0,0,0,0,0,0,0,0,0,0,0,0,0,0,0,0,0,0,0,0,0,0,0,0,0,0
547.28358,0,0,0,0,0,0,0,0,0,0,0,0,0,0,0,0,0,0,0,0,0,0,0,0,0,0,0,0,0,0
547.28389,0,0,0,0,0,0,0,0,0,0,0,0,0,0,0,0,0,0,0,0,0,0,0,0,0,0,0,0,0,0
547.28456,0,0,0,0,0,0,0,0,0,0,0,0,0,0,0,0,0,0,0,0,0,0,0,0,0,0,0,0,0,0
547.28346,0,0,0,0,0,0,0,0,0,0,0,0,0,0,0,0,0,0,0,0,0,0,0,0,0,0,0,0,0,0
547.28462,0,0,0,0,0,0,0,0,0,0,0,0,0,0,0,0,0,0,0,0,0,0,0,0,0,0,0,0,0,0
355.10515,2300300.424,24112.24601,24965.50059,26621.26563,22525.17188,33471.41797,23634.57003,22434.29883,31763.39258,225400.65,27274.3789,19323.19922,26968.62695,170022.8887,26338.14453,300169.5547,26439.82617,42787.14453,21322.88672,24945.19336,25373.97852,35625.00156,39357.49601,24183.00664,21979.80047,33244.2539,45519.80047,0,31365.2832,35111.00742
375.07927,13145.48926,0,15847.17578,16719.76367,17652.11914,17261.32227,0,0,0,16884.00723,200425.3438,143300.8379,0,1100007.491,100983.1523,42428.48005,39672.00501,0,0,300835.996,0,0,21358.48828,23367.66401,200467.6445,17383.6289,284800.0001,16917.4,2450000.501,19196.5918
375.07908,0,0,0,0,0,0,0,0,0,0,0,0,0,0,0,0,0,49518.7539,34745.57813,0,373009.4375,320078.6563,0,0,0,0,0,0,0,0
375.07859,0,0,0,0,0,0,0,0,0,0,0,0,0,0,0,0,0,0,0,0,0,0,0,0,0,0,0,0,0,0
263.06678,0,0,0,0,0,0,0,0,0,0,0,0,0,0,0,0,0,0,0,0,0,0,0,0,0,0,0,0,0,0
360.10816,0,0,0,0,0,0,0,0,0,0,0,0,0,0,0,0,0,0,0,0,0,0,0,0,0,0,0,0,0,0
343.0737,0,0,0,0,0,0,0,0,0,0,0,0,0,0,0,0,0,0,0,0,0,0,0,0,0,0,0,0,0,0
167.10421,0,0,0,0,0,0,0,0,0,0,0,0,0,0,0,0,0,0,0,0,0,0,0,0,0,0,0,0,0,0
244.0936,0,0,0,0,0,0,0,0,0,0,0,0,0,0,0,0,0,0,0,0,0,0,0,0,0,0,0,0,0,0
215.13858,0,0,0,0,0,8659.750098,0,0,0,0,0,0,0,0,0,0,0,0,0,0,0,0,13977.22852,0,0,0,0,13358.21009,14333.38281,15687.93457
191.03309,17448.18359,262400.7227,24267.48633,29389.88672,26666.50098,23795.00488,2500002.445,0,0,247400.1816,33638.87101,18836.94727,34146.35938,22567.55469,31273.67188,0,0,33228.10016,26328.3789,28893.87695,27422.832,0,37514.42188,41848.00234,0,53674.55859,5600006.601,45335.77734,0,41681.42188
268.10384,0,0,0,0,0,0,0,0,0,0,0,0,0,0,0,25881.51953,21589.77148,211009.3003,2005004.137,19284.5293,250036.9006,0,21696.00195,21648.76367,0,280059.8789,31629.77148,21514.42969,28762.00664,23447.99002
395.04108,0,0,0,0,0,0,0,0,0,0,0,0,0,0,0,0,0,0,0,0,0,0,0,0,0,0,0,0,0,0
246.18507,0,0,0,0,0,0,0,0,0,0,0,0,0,0,0,0,0,0,0,0,0,0,0,0,0,0,0,0,0,0
375.23121,0,0,0,0,0,0,0,0,12694.50039,0,0,0,0,0,0,0,15271.15004,0,0,0,0,0,14639.00601,168700.0047,0,17681.5,1700300.174,0,15363.46875,2110000.719
216.17026,0,0,0,0,0,0,0,0,0,0,0,0,0,0,0,0,0,0,0,0,0,0,0,0,0,0,0,0,0,0
309.07221,0,0,0,0,0,0,0,0,0,0,0,0,0,0,0,0,0,0,0,0,0,0,0,0,0,0,0,0,0,0
326.37778,90071.415,0,0,0,150083.1768,0,0,0,0,0,0,0,0,0,0,190051.8,135008.7744,19341.65234,110025.9482,13482.39648,0,0,0,0,0,0,0,0,0,0
154.08495,0,0,0,0,0,0,0,0,0,0,0,0,0,0,0,0,0,0,0,0,0,0,0,0,0,0,0,0,0,0
154.08496,0,0,0,0,0,0,0,0,0,0,0,0,0,0,0,0,0,0,0,0,0,0,0,0,0,0,0,0,0,0
311.2939,0,0,0,0,0,0,0,0,0,0,0,0,0,0,0,0,0,148400.5352,0,0,0,0,0,0,0,0,0,0,0,0
271.16746,0,0,0,0,0,0,0,0,0,0,0,0,0,0,0,0,0,0,0,0,0,0,0,0,0,0,0,0,0,0
265.04112,0,0,0,0,0,0,0,0,0,0,0,0,0,0,0,0,0,0,0,0,0,0,0,0,0,0,0,0,0,0
357.14703,0,0,0,0,0,0,0,0,0,0,0,0,0,0,0,0,0,0,0,0,0,0,0,0,0,0,0,0,0,0
222.09241,0,0,0,0,0,0,0,0,0,0,0,0,0,0,0,0,0,0,0,0,0,0,0,0,0,0,0,0,0,0
565.51889,0,0,0,0,0,0,0,0,0,0,0,0,0,0,0,0,0,0,0,0,0,0,0,0,0,0,0,0,0,0
311.01901,0,0,0,0,0,0,0,0,0,0,0,0,0,0,0,0,0,0,0,0,0,0,0,0,0,0,0,0,0,0
402.10853,0,0,0,0,0,0,0,0,0,0,0,0,0,0,0,0,0,0,0,0,0,0,0,0,0,0,0,0,0,0
337.21568,29941.75781,45488.85547,43519.94531,49326.2007,54745.53516,34326.54297,44216.78125,43569.46009,44743.25781,400945.6289,49336.1289,410097.8242,51325.00195,34689.58984,51934.00586,64246.00156,69984.92188,0,0,600961.9844,0,0,65374.74601,79954.25,6710000.273,91321.125,1100163.68,66465.23438,82349.32003,10010051.77
337.21655,0,0,0,0,0,0,0,0,0,0,0,0,0,0,0,0,0,799004.3901,68728.96875,0,62676.10094,45979.51953,0,0,0,0,0,0,0,0
337.21634,0,0,0,0,0,0,0,0,0,0,0,0,0,0,0,0,0,0,0,0,0,0,0,0,0,0,0,0,0,99005.49002
337.21588,0,0,0,0,0,0,0,0,0,0,0,0,0,0,0,0,0,0,0,0,0,0,0,0,0,0,0,0,0,0
337.21657,0,0,0,0,0,0,0,0,0,0,0,0,0,0,0,0,0,0,0,0,0,0,0,0,0,0,0,0,0,0
337.21517,0,0,0,0,0,0,0,0,0,0,0,0,0,0,0,0,0,0,0,0,0,0,0,0,0,0,0,0,0,0
309.18485,0,0,0,0,0,0,0,0,0,0,0,0,0,0,0,0,0,0,0,0,0,0,0,0,0,0,0,0,0,0
459.27977,0,0,0,0,0,0,0,0,0,0,0,0,0,0,0,0,0,0,0,0,0,0,0,0,0,0,0,0,0,0
311.12549,0,0,0,0,0,0,0,0,0,0,0,0,0,0,0,0,0,0,0,0,0,0,0,0,0,0,0,0,0,0
196.08074,0,0,0,0,0,0,0,0,0,0,0,0,0,0,0,0,0,0,0,0,0,0,0,0,0,0,0,0,0,0
274.12822,0,0,0,0,0,0,0,0,0,0,0,0,0,0,0,0,0,0,0,0,0,0,0,0,0,0,0,0,0,0
244.13037,0,0,0,0,0,0,0,0,0,0,0,0,0,0,0,0,0,0,0,0,0,0,0,0,0,0,0,0,0,0
218.11666,0,0,0,0,0,0,0,0,0,0,0,0,0,0,0,0,0,0,0,0,0,0,0,0,0,0,0,0,0,0
214.15416,0,0,0,0,0,0,0,0,0,0,0,0,0,0,0,0,0,0,0,0,0,0,0,0,0,0,0,0,0,0
606.08276,0,0,0,0,0,0,0,0,0,0,0,0,0,0,0,0,0,0,0,0,0,0,0,0,0,0,0,0,0,0
606.07932,0,0,0,0,0,0,0,0,0,0,0,0,0,0,0,0,0,0,0,0,0,0,0,0,0,0,0,0,0,0
606.08164,0,0,0,0,0,0,0,0,0,0,0,0,0,0,0,0,0,0,0,0,0,0,0,0,0,0,0,0,0,0
606.08142,0,0,0,0,0,0,0,0,0,0,0,0,0,0,0,0,0,0,0,0,0,0,0,0,0,0,0,0,0,0
435.04994,0,0,0,0,0,0,0,0,0,0,0,0,0,0,0,0,0,0,0,0,0,0,0,0,0,0,0,0,0,0
435.04978,0,0,0,0,0,0,0,0,0,0,0,0,0,0,0,0,0,0,0,0,0,0,0,0,0,0,0,0,0,0
435.04937,0,0,0,0,0,0,0,0,0,0,0,0,0,0,0,0,0,0,0,0,0,0,0,0,0,0,0,0,0,0
435.04994,0,0,0,0,0,0,0,0,0,0,0,0,0,0,0,0,0,0,0,0,0,0,0,0,0,0,0,0,0,0
435.04533,0,0,0,0,0,0,0,0,0,0,0,0,0,0,0,0,0,0,0,0,0,0,0,0,0,0,0,0,0,0
435.04957,0,0,0,0,0,0,0,0,0,0,0,0,0,0,0,0,0,0,0,0,0,0,0,0,0,0,0,0,0,0
435.04957,0,0,0,0,0,0,0,0,0,0,0,0,0,0,0,0,0,0,0,0,0,0,0,0,0,0,0,0,0,0
239.10537,0,1570000.659,0,0,0,0,0,0,172500.7188,0,0,0,17716.123,100877.4531,0,16475.38281,200291.9785,15492.65527,19565.86133,160085.9834,0,0,16545.13009,19928.9414,18549.95898,24361.18555,24424.35938,230062.5664,2001009.535,25166.68945
289.09603,0,0,0,0,0,0,0,0,0,0,0,0,0,0,0,0,0,0,0,0,0,0,0,0,0,0,0,0,0,0
398.2154,0,0,0,0,0,0,0,0,0,0,0,0,0,0,0,0,0,0,0,0,0,0,0,0,0,0,0,0,0,0
231.08706,0,0,0,0,0,0,0,0,0,0,0,0,0,0,0,0,0,0,0,0,0,0,0,0,0,0,0,0,0,0
283.12929,0,0,0,0,0,0,0,0,0,0,0,0,0,0,0,0,0,0,0,0,0,0,0,0,0,0,0,0,0,0
231.14887,0,0,0,0,0,0,0,0,0,0,0,0,0,0,0,0,0,0,0,0,0,0,12584.76367,0,0,0,0,0,0,0
413.04175,0,0,0,0,0,0,0,0,0,0,0,0,0,0,0,0,0,0,0,0,0,0,0,0,0,0,0,0,0,0
413.04206,0,0,0,0,0,0,0,0,0,0,0,0,0,0,0,0,0,0,0,0,0,0,0,0,0,0,0,0,0,0
413.04163,0,0,0,0,0,0,0,0,0,0,0,0,0,0,0,0,0,0,0,0,0,0,0,0,0,0,0,0,0,0
205.99695,163458.375,219495.7188,163729.0078,1800819.172,176464.5781,20060011.8,189344.0047,226598.0016,214457.7969,242358.5,194495.4688,2693900.281,257211.5938,2260075.359,244823.1009,142775.6401,158731.2813,167791.2656,14300300.28,12600004.73,139796.6009,12470000.16,1680048.688,175372.2003,1724100.006,1795700,21003400.42,162483.9531,194198.5781,169831.3125
205.99724,0,0,0,0,0,27454.5332,0,0,0,36146.15234,0,34617.2539,0,0,34328.47266,0,0,0,0,18479.22852,0,0,0,26359.00313,28997.5918,0,300476.33,25667.4,34989.85156,26918.58984
205.99714,0,0,0,0,0,0,0,0,0,0,0,0,0,0,0,0,0,0,0,0,0,0,0,0,0,0,0,0,0,0
205.99755,0,0,0,0,0,0,0,0,0,0,0,0,7198.229492,0,0,0,0,0,0,0,0,0,0,0,0,0,0,0,0,0
146.05926,117623.1401,156382.8125,1159001.242,154352.5313,162177.9688,143451.1401,132421.0047,152175.3901,179697.0094,1300544.43,122494.789,112824.7578,13800008.17,126799.0047,138928.5156,134282.0016,141485.5938,171455.8438,1230026.8,1390081.101,145194.1401,14005400.22,247792.6719,263995.3125,2188001.922,3004165.875,298151.9006,26009100.95,336146.7813,271717.1875
146.05907,0,0,0,0,0,0,0,0,0,0,0,0,0,0,0,0,0,7615.007813,0,0,0,0,0,0,0,0,126100.53,0,0,98006.43652
146.0596,0,0,0,0,0,0,0,0,0,0,0,0,0,0,0,0,0,0,0,0,0,0,0,0,0,0,0,0,0,0
395.0433,0,0,0,0,0,0,0,0,0,0,0,0,0,0,0,0,0,0,0,0,0,0,0,0,0,0,0,0,0,0
631.40218,0,0,0,0,0,0,0,0,0,0,0,0,0,0,0,0,0,0,0,0,0,0,0,0,0,0,0,0,0,0
190.04916,1600584.281,0,0,0,236788.2656,19600005,0,1985004.266,231186.8901,169938.625,241669.1563,167472.7003,234282.4006,192791.3125,2420064.625,1872700.859,2210041.172,214826.7344,2009546.938,211187.9006,221232.1563,174879.7003,237733.7188,238155.4531,2390035.14,30000384.94,3111500.281,269884.6563,297612.625,275342.75
190.04902,0,2200926.844,219313.4375,226467.4688,0,0,211388.875,0,0,0,0,0,0,0,0,0,0,0,0,0,0,0,0,0,0,0,0,0,0,0
190.04911,0,0,0,0,0,0,0,0,0,0,0,0,0,0,0,0,0,0,0,0,0,0,0,0,0,0,0,0,0,0
190.04946,895100.5313,0,0,0,0,0,0,0,0,0,0,0,0,0,0,0,0,0,0,0,0,0,0,0,0,0,0,0,0,0
190.04947,0,0,0,0,0,0,0,0,0,0,0,0,0,0,0,0,0,0,0,0,0,0,0,0,0,0,0,0,0,0
190.04883,0,0,0,0,0,0,0,0,0,0,0,0,0,0,0,0,0,0,0,0,0,0,0,0,0,0,0,0,0,0
243.08601,0,0,130063.9746,0,0,0,0,0,0,0,0,0,0,0,100296.1445,0,0,14591.45501,0,0,13479.98438,0,0,21989.373,200239.25,243500.7871,27177.64844,220081.914,34131.44531,234007.0092
175.11839,118117.4375,182522.6009,17340000.8,174173.3594,1900937.328,13000095.12,179688.7813,183326.2969,19120000.8,131862.1719,177611.625,169254.7003,2003175.281,1774200.547,1853003.938,697315.4375,7230034.25,7160094.313,617712.5625,625977.5,676619.6875,363519.0063,3576008.719,63100300.31,536467.5,7004696.875,89001008.75,6100774,5217500.844,8001929.188
166.08515,0,0,0,0,0,0,0,0,0,0,0,0,0,0,0,0,0,0,0,0,0,0,0,0,0,0,0,0,0,0
181.09606,0,0,0,0,0,0,0,0,0,0,0,0,0,0,0,0,0,0,0,0,0,0,0,0,0,0,0,0,0,0
320.20443,0,0,0,0,0,0,0,0,0,0,0,0,0,0,0,0,0,0,0,0,0,0,0,0,0,0,0,0,0,0
263.14159,26987.35547,35166.77734,278002.3005,30000009,34816.21009,36798.94531,340042.3901,29775.8164,37372.75781,35425.66401,36127.67969,33622.99219,4000042.863,32229.00898,400755.7101,81671.75781,800263.0039,1007379.006,77263.10094,654100.9844,75758.61719,490048.7383,600977.1005,96966.58594,76485.65625,99878.99219,115881.2734,79172.125,79867.84375,98498.48438
171.11209,0,0,0,0,0,0,0,0,0,0,0,0,0,0,0,0,0,0,0,0,0,0,0,0,0,0,0,0,0,0
206.06691,0,0,0,0,0,0,16753.66002,171500.3887,0,14992.00003,0,0,0,0,0,0,0,0,0,0,0,0,0,0,0,0,0,0,0,0
389.21037,0,0,0,0,0,0,0,0,0,0,0,0,0,0,0,0,0,0,0,0,0,0,0,0,0,0,0,0,0,0
411.01431,0,0,0,0,0,0,0,0,0,0,0,17845.22656,0,0,0,0,29412.00004,370022.7539,0,26553.55469,0,0,0,45188.4414,320018.8516,0,0,0,0,35425.15625
411.01384,0,0,0,0,0,0,0,0,0,0,0,0,0,0,0,0,0,0,0,0,0,0,0,0,0,0,0,18475.45117,0,0
518.36139,0,0,0,0,0,0,0,0,0,0,0,0,0,0,0,0,0,15121.30037,0,0,0,0,0,0,0,0,0,0,0,0
275.20729,0,0,0,0,0,0,0,0,0,0,0,0,0,0,0,0,0,0,0,0,0,0,0,0,0,0,0,0,0,0
346.3097,13854.00723,0,0,100244.0001,15322.30057,17724.41797,0,0,0,9973.007003,0,0,0,0,0,0,0,0,0,0,0,0,0,0,0,0,0,0,0,0
495.32688,0,0,0,0,0,0,0,0,0,0,0,0,0,0,0,0,0,0,0,0,0,0,0,0,0,0,0,0,0,0
495.32671,0,0,0,0,0,0,0,0,0,0,0,0,0,0,0,0,0,0,0,0,0,0,0,0,0,0,0,0,0,0
296.10293,0,0,0,0,0,0,0,0,0,0,0,0,0,0,0,0,0,0,0,0,0,0,0,0,0,0,0,0,0,0
401.18621,0,0,0,0,0,0,0,0,0,0,0,0,0,0,0,0,0,0,8368.789006,0,0,0,0,0,0,0,0,0,0,0
401.18788,0,0,0,0,0,0,0,0,0,0,0,0,0,0,0,0,0,0,0,0,0,0,0,0,0,0,0,0,0,0
327.10057,0,0,0,0,0,0,0,0,0,0,11751.21973,0,0,0,0,0,0,0,0,0,0,234333.3125,0,0,0,0,0,0,0,0
162.05411,0,100188.8101,0,0,12395.10084,0,0,0,0,0,11566.8457,0,100481.4297,0,100244.2101,12626.34766,0,12423.41895,0,0,0,1008600.837,17732,16482.71875,11632.21191,23666.14258,0,15313.74002,200721.7188,17994.41992
448.20121,0,0,0,0,0,0,0,0,0,0,0,0,0,0,0,0,0,0,0,0,0,0,0,0,0,0,0,0,0,0
274.98648,0,0,0,0,0,0,0,0,0,0,0,0,0,0,0,0,0,0,0,0,0,0,0,0,0,0,0,0,0,0
358.97987,300482.6934,55661.65625,33838.69531,49418.94922,45137.21875,24446.12695,513500.9883,48777.78125,42285.68359,22986.58594,53324.3164,312800.0057,500274.9002,4000073.73,400349.8281,35523.36719,39213.27344,33889.49601,0,29714.75586,32938.78901,22873.53901,300547.1992,58169.74601,49812.94531,51753.22656,600449.1563,44299.71009,590055.8242,58146.582
202.01698,0,0,0,0,0,0,0,0,0,0,0,0,0,0,0,0,0,0,0,0,0,0,0,0,0,0,0,0,0,0
202.0168,0,0,0,0,0,0,0,0,0,0,0,0,0,0,0,0,0,0,0,0,0,0,0,0,0,0,0,0,0,0
212.08243,170056.9258,22641.79688,24531.78901,0,23144.7793,21199.58789,25787.79297,22454.36914,27377.80066,18166.81005,326004.668,235300.5996,29147.77148,26127.00488,26775.40023,3110000.352,35988.74601,320018.7539,28941.29688,32633.19922,25889.59766,20000200.87,24811.3164,35848.18359,22896.88672,34943.83984,42121.53516,0,0,379004.7148
228.23145,0,0,0,0,0,0,0,0,0,0,0,0,0,0,0,0,0,0,0,0,0,0,0,0,0,0,0,0,0,0
256.13009,0,0,0,0,0,0,0,0,0,0,0,0,0,0,0,0,0,0,0,0,0,0,0,0,0,0,0,0,0,0
401.18646,475900.4258,48458.0082,52196.21484,48242.125,68942.71009,53362.55008,500723.2852,44716.00234,31436.00006,540066.7539,51948.00547,388400.32,4300003.64,33568.28901,299700.623,66913.73438,68232.58594,73754.23438,61464.49219,61353.69531,0,447006.3945,32772.49219,39352.88281,400414.16,38726.63672,50000009.36,36238.48005,5000061.002,44729.93359
276.15082,0,0,0,0,0,0,0,0,0,0,0,0,0,0,0,0,0,0,0,0,0,0,0,0,0,0,0,0,0,0
254.10521,0,0,0,0,0,0,0,0,0,0,0,0,0,0,0,0,0,0,0,0,0,0,0,0,0,0,0,0,0,0
148.09669,0,0,0,0,0,0,0,0,0,0,0,0,0,0,0,0,0,0,0,0,0,0,0,0,0,0,0,0,0,0
215.99613,0,0,0,0,0,0,0,0,0,0,0,0,0,0,0,0,0,0,0,0,0,0,0,0,0,0,0,0,0,0
419.08483,0,0,0,0,0,0,0,0,0,0,0,0,0,0,0,0,0,0,0,0,0,0,0,0,0,0,0,0,0,0
387.13786,0,0,0,0,0,0,0,0,0,0,0,0,0,0,0,0,0,199400.2598,0,0,168007.3887,0,0,0,0,0,0,0,0,0
458.1198,0,0,0,0,0,0,0,0,0,0,0,0,0,0,0,0,0,0,0,0,0,0,0,0,0,0,0,0,0,0
185.12778,0,0,0,0,0,0,0,0,0,0,0,0,0,0,0,0,0,0,0,0,0,0,0,0,0,0,0,0,0,0
255.99531,0,0,0,0,0,0,0,0,0,0,0,0,0,0,0,0,0,0,0,0,0,0,0,0,0,0,0,0,0,0
255.99553,0,0,0,0,0,0,0,0,0,0,0,0,0,0,0,0,0,0,0,0,0,0,0,0,0,0,0,0,0,0
417.04958,0,0,0,0,0,0,0,0,0,0,0,0,0,0,0,0,0,19000071.9,1612200.938,0,0,63326.67578,0,0,0,0,0,0,0,0
261.12446,0,0,0,0,0,0,0,0,0,0,0,0,0,0,0,0,0,0,0,0,0,0,0,0,0,16744.00006,158500.1885,0,0,16747.625
312.18107,0,0,0,0,0,0,0,0,0,0,0,0,0,0,0,0,0,0,0,0,0,0,0,0,0,0,0,0,0,0
295.09305,897156.8125,1337146.875,100235007.8,1348193.5,1553745.375,1273247.875,1452165.375,130062200.5,1375233.5,10018464.94,15800238,10018398.31,13638005.38,9800649.438,1111944,0,14003866.75,0,0,0,0,0,4007553.844,829525.125,676236,917577.4375,10064429.38,794624.875,712834.0063,822727.0063
295.09338,0,0,0,0,0,0,0,0,0,0,0,0,0,0,0,1614436,0,1579193.75,110080083.3,11954100.5,1265773.5,737558.5,0,0,0,0,0,0,0,0
236.11649,0,0,0,0,0,0,0,0,0,0,0,0,0,0,0,0,0,0,0,0,0,0,0,0,0,0,0,0,0,0
143.11707,0,0,0,0,0,0,0,0,0,0,0,0,0,0,0,0,0,0,0,0,0,0,0,0,0,0,0,0,0,0
157.13238,0,0,0,0,0,0,0,0,0,0,0,0,0,0,0,0,0,0,0,0,0,0,0,0,0,0,0,0,0,0
188.09257,0,0,0,0,0,0,0,0,0,0,0,0,0,0,0,0,0,0,0,0,0,0,0,0,0,0,0,0,0,0
261.96432,0,0,0,0,0,0,0,0,0,0,0,0,0,0,0,0,0,9414.175781,0,0,0,0,0,0,1000052.29,0,0,0,9658.246009,0
261.96395,0,0,0,0,0,0,0,0,0,0,0,0,0,0,0,0,0,0,0,0,0,17124.32227,0,0,0,0,0,0,0,0
268.16718,0,0,0,0,0,0,0,0,0,0,0,0,0,0,0,0,0,0,0,0,0,0,0,0,0,13667.1543,1005200.665,0,0,0
170.04303,0,0,0,0,0,0,0,0,0,0,0,0,0,0,0,0,0,0,0,0,0,0,0,0,0,0,0,0,0,0
233.07499,0,0,0,0,0,0,0,0,0,0,0,0,0,0,0,0,0,0,0,0,0,0,0,0,0,0,0,0,0,0
250.09261,0,21327.2007,0,15352.00781,18495.8164,0,0,17152.29688,200866.8887,232002.121,17949.89648,0,21555.55664,20000700.14,0,29612.33,23275.86523,442005.0043,23174.7007,248800.4414,300191.791,300138.6004,45247.65625,431007.7969,418700.8398,42793.1289,537800.0012,38875.00156,481500.957,458009.8438
277.11864,0,0,0,0,0,0,0,0,0,0,0,0,0,0,0,0,0,0,0,0,0,0,0,0,0,0,0,0,0,0
195.00233,0,0,0,0,0,0,0,0,0,0,0,0,0,0,0,0,0,0,0,0,0,0,0,0,0,90014.33101,7979.291992,0,0,0
431.18596,0,0,0,0,0,0,0,0,0,0,0,0,0,0,0,0,0,0,0,0,0,0,0,0,0,0,0,0,0,0
239.17512,0,0,0,0,0,0,0,0,0,0,0,0,0,0,0,0,0,0,0,0,0,0,0,0,0,0,0,0,0,0
174.05359,0,0,0,0,0,0,0,0,0,0,0,0,0,0,0,0,0,0,0,0,0,0,0,0,0,0,0,0,0,0
430.18703,0,0,0,0,0,0,0,0,0,0,0,0,0,0,0,0,0,0,7687.71875,0,0,0,0,0,0,0,0,0,0,0
357.16313,0,0,0,0,0,0,0,0,0,0,0,0,0,0,0,0,0,0,0,0,0,0,0,0,0,0,0,0,0,0
279.1142,0,0,0,0,0,0,0,0,0,0,0,0,0,0,0,0,0,0,0,0,0,0,0,0,0,0,0,0,0,0
284.17532,0,0,0,0,0,0,0,0,0,0,0,0,0,0,0,0,0,0,0,0,0,0,0,0,0,0,0,0,0,0
514.24521,0,0,0,0,0,0,0,0,0,0,0,0,0,0,0,0,0,0,0,0,0,0,0,0,0,0,0,0,0,0
419.23374,0,0,0,0,0,0,0,0,0,0,0,0,0,0,0,31894.57422,28658.83789,33959.00273,22256.32227,23193.00137,192002.3242,100582.5361,0,0,0,0,0,0,0,0
379.09213,0,213008.1992,0,0,0,0,26223.28125,0,0,18788.92188,0,116004.6301,0,0,0,29266.35742,0,300834.1289,0,251500.127,287700.1973,0,282800.4375,0,37352.39453,0,0,0,0,0
311.08726,0,0,0,0,0,0,0,0,0,0,0,0,0,0,0,0,0,0,0,0,0,0,0,0,0,0,0,0,0,0
484.13664,0,0,0,0,0,0,0,0,0,0,0,0,0,0,0,0,0,0,0,0,0,0,0,0,0,0,0,0,0,0
440.10881,0,0,0,0,0,0,0,0,0,0,0,0,0,0,0,0,0,0,0,0,0,0,0,0,0,0,0,0,114004.832,0
217.12918,0,17176.68945,0,15956.6123,0,0,17344.15234,0,17525.8125,122300.6172,0,0,0,12197.00537,15867.30047,175568.2003,1900688.266,186975.4844,154833.625,144676.6719,1835600.438,1003727.57,141761.7813,1670034.859,1380036.002,225762.6719,278453.4006,1892003.516,176193.9844,251779.1563
218.11351,0,0,0,0,0,0,0,0,0,0,0,0,0,0,0,63771.99601,64516.55008,790026.789,700517.4375,600734.4688,69766.34375,474006.8005,66685.22656,75251.97656,589005.8242,1006893.313,117781.0023,72758.35156,85578.00313,850051.625
189.12338,0,0,0,0,0,0,0,0,0,0,0,0,0,0,0,854200.6797,86356.4375,790027.3516,9007009.539,87634.25,79854.8125,45283.88672,570089.3398,77978.9375,64438.90063,100890000.1,111979.0063,96349.67188,62996.33594,93412.88281
374.34037,0,0,139100.4009,100919.9512,14925.55469,13199.18457,11633.45996,0,0,0,0,0,0,0,0,19684.28125,18946.875,279006.7422,15797.2627,15755.00488,170054.6934,0,150086.7344,0,100862.2344,0,0,0,16358.00469,1100007.801
237.10636,0,0,0,0,0,0,0,0,0,0,0,0,0,0,0,0,0,0,0,0,0,0,0,0,0,0,0,0,0,0
484.13455,0,0,0,0,0,0,0,0,0,0,0,0,0,0,0,0,0,0,0,0,0,0,0,0,0,0,0,0,0,0
373.1545,0,0,0,0,0,0,0,0,0,0,0,0,0,0,0,0,0,189900.01,0,0,0,0,0,0,0,0,0,0,0,0
274.08461,0,0,0,0,0,0,0,0,0,0,0,0,0,0,0,0,0,0,0,0,0,0,0,0,0,0,0,0,0,0
172.09588,0,0,0,0,0,0,0,0,0,0,0,0,0,0,0,0,0,0,0,0,0,0,0,0,0,0,0,0,0,0
324.32564,0,0,0,0,0,0,0,0,0,0,0,0,0,0,0,0,0,0,0,0,0,0,0,0,0,0,0,0,0,0
184.17085,0,0,0,0,0,0,0,0,0,0,0,0,0,0,0,0,0,0,0,0,0,0,0,0,0,0,0,0,0,0
263.15925,0,0,0,0,0,0,0,0,0,0,0,0,0,0,0,0,0,0,0,0,0,0,0,0,0,0,0,0,0,0
234.16207,0,0,0,0,0,0,0,0,0,0,0,0,0,0,0,0,0,0,0,0,0,0,0,0,0,0,0,0,0,0
210.18419,0,0,0,0,0,0,0,0,0,0,0,0,0,0,0,0,0,0,0,0,0,0,0,0,0,0,0,0,0,0
430.18633,0,0,0,0,0,0,0,0,0,0,0,0,0,0,0,0,0,0,0,0,0,0,0,0,0,0,0,0,0,0
370.14716,0,0,0,0,0,0,0,0,0,0,0,0,0,0,0,0,0,0,0,0,0,0,0,0,0,0,0,0,0,0
443.19692,0,0,0,0,0,0,0,0,0,0,0,0,0,0,0,0,0,0,0,0,0,0,0,0,0,0,0,0,0,0
346.3097,24456.748,200335.6563,26376.29688,200855.3516,287009.7363,32438.23005,19277.1582,17658.14648,19386.88672,187003.457,269100.0021,15651.83691,0,0,0,0,34447.73828,0,0,36753.37101,300978.6113,0,24783.44727,22172.57813,200964.5195,18778.32617,250019.7441,18687.11914,27463.6621,19964.46875
346.31002,0,0,0,0,0,0,0,0,0,0,0,0,16421.69336,15218.52344,0,454100.8398,0,55161.17578,34933.332,0,0,337700.41,0,0,0,0,0,0,0,0
267.06159,28278.39006,44837.39453,380073.7101,550012.0078,42821.9414,35374.00742,48451.30001,450041.1401,49625.32003,34382.1914,600113.66,42684.86719,45423.14453,38789.8125,438004.3516,55955.73828,62894.7539,620079.8359,0,461600.23,0,0,0,48871.66401,0,49218.00938,56225.00117,42736.44531,370036.6523,53891.89844
267.06105,0,0,0,0,0,0,0,0,0,0,0,0,0,0,0,0,0,0,46926.46484,0,47987.34766,0,0,0,0,0,0,0,0,0
256.29939,0,0,0,0,0,0,0,0,0,0,0,0,0,0,0,11344.51563,0,0,0,0,0,0,0,0,0,0,0,0,0,0
270.31507,0,151100.5342,0,0,0,0,0,11985.26758,0,0,16995.6914,0,0,0,0,0,0,0,0,28819.4414,0,0,0,18776.41797,0,24342.58594,200895.5723,16139.54785,0,24416.38009
204.04652,0,0,0,0,0,0,0,0,0,0,0,0,0,0,0,0,0,0,0,0,0,0,0,0,0,0,0,0,0,0
335.1015,0,0,0,0,0,0,0,0,0,0,0,0,0,0,0,0,0,0,0,0,0,0,0,0,0,0,0,0,0,0
374.34099,0,0,0,0,0,0,0,0,0,0,0,0,0,0,0,0,0,0,0,0,0,0,0,0,0,0,0,0,0,0
374.34103,0,0,0,0,0,0,0,0,0,0,0,0,0,0,0,0,0,0,0,0,0,0,0,0,0,0,0,0,0,0
374.34224,0,0,0,0,0,0,0,0,0,0,0,0,0,0,0,0,0,0,0,0,0,0,0,0,0,0,0,0,0,0
367.23501,0,0,0,0,0,0,0,0,0,0,0,0,0,0,0,0,0,0,0,0,0,0,0,0,0,0,0,0,0,0
401.18663,0,0,0,0,0,0,0,0,0,0,0,0,0,0,0,0,0,0,0,0,54945.15234,0,0,0,0,0,0,0,0,0
330.33597,0,0,0,0,0,0,0,0,0,0,0,0,0,0,0,0,0,0,0,0,0,0,0,0,0,0,0,0,0,0
351.30033,0,139600.415,0,145500.6416,12828.26007,0,0,0,15829.38965,0,0,0,0,0,0,0,0,0,0,0,0,0,0,0,0,184001.8184,240088.57,15344.53801,18948.29883,27934.69531
189.1221,0,0,0,0,0,0,0,0,0,0,0,0,0,0,0,0,0,0,0,0,0,0,0,0,0,0,0,0,0,0
161.12814,0,0,0,0,0,0,0,0,0,0,0,0,0,0,0,0,0,0,0,0,0,0,0,0,0,0,0,0,0,0
173.12755,0,0,0,0,0,0,0,0,0,0,0,0,0,0,0,0,0,0,0,0,0,0,0,0,0,0,0,0,0,0
476.30839,0,0,0,0,0,0,0,0,0,0,0,0,0,0,0,0,0,0,0,0,0,0,0,0,0,0,0,0,0,0
212.03151,0,0,0,0,0,0,0,0,0,0,0,0,0,0,0,0,0,0,0,0,12617.52441,0,0,0,0,0,0,0,0,0
227.06818,0,0,0,0,0,0,0,0,0,0,0,0,0,0,0,0,0,0,0,0,0,0,0,0,0,0,0,0,0,0
429.00846,0,0,0,0,0,0,0,0,0,0,0,0,0,0,0,0,0,0,0,0,0,0,0,0,0,0,0,0,0,0
429.00897,0,0,0,0,0,0,0,0,0,0,0,0,0,0,0,0,0,0,0,0,0,0,0,0,0,0,0,0,0,0
204.06511,0,0,0,0,0,0,0,0,0,0,0,0,0,0,0,0,0,0,0,0,0,0,0,0,0,0,0,0,0,0
263.11684,0,0,0,0,0,0,0,0,0,0,0,0,0,0,0,0,0,0,0,0,0,0,0,0,0,0,0,0,0,0
214.25258,0,0,0,0,0,0,0,0,0,0,0,0,0,0,0,0,0,0,0,0,0,0,0,0,0,0,0,0,0,0
467.01999,0,0,0,0,0,0,0,0,0,0,0,0,0,0,0,0,0,0,0,0,0,0,0,0,0,0,0,0,0,0
445.03849,0,0,0,0,0,0,0,0,0,0,0,0,0,0,0,0,0,0,0,0,0,0,0,0,0,0,0,0,0,0
445.03897,0,0,0,0,0,0,0,0,0,0,0,0,0,0,0,0,0,0,0,0,0,0,0,0,0,0,0,0,0,0
445.03832,0,0,0,0,0,0,0,0,0,0,0,0,0,0,0,0,0,0,0,0,0,0,0,0,0,0,0,0,0,0
445.03729,0,0,0,0,0,0,0,0,0,0,0,0,0,0,0,0,0,0,0,0,0,0,0,0,0,0,0,0,0,0
445.03833,0,0,0,0,0,0,0,0,0,0,0,0,0,0,0,0,0,0,0,0,0,0,0,0,0,0,0,0,0,0
445.03866,0,0,0,0,0,0,0,0,0,0,0,0,0,0,0,0,0,0,0,0,0,0,0,0,0,0,0,0,0,0
445.03748,0,0,0,0,0,0,0,0,0,0,0,0,0,0,0,0,0,0,0,0,0,0,0,0,0,0,0,0,0,0
445.03766,0,0,0,0,0,0,0,0,0,0,0,0,0,0,0,0,0,0,0,0,0,0,0,0,0,0,0,0,0,0
445.03876,0,0,0,0,0,0,0,0,0,0,0,0,0,0,0,0,0,0,0,0,0,0,0,0,0,0,0,0,0,0
445.03817,0,0,0,0,0,0,0,0,0,0,0,0,0,0,0,0,0,0,0,0,0,0,0,0,0,0,0,0,0,0
341.13734,0,0,0,0,0,0,0,0,0,0,0,0,0,0,0,0,0,0,0,0,0,0,0,0,0,0,0,0,0,0
228.26797,0,0,0,0,0,0,0,0,0,0,0,0,0,0,0,0,0,0,0,0,0,0,0,0,0,0,0,0,0,0
228.2697,0,0,0,0,0,0,0,0,0,0,0,0,0,0,0,0,0,14162.62598,0,0,15552.50068,0,0,0,0,0,0,0,0,0
202.10649,0,0,0,0,0,0,0,0,0,0,0,0,0,0,0,0,0,0,0,0,0,0,0,0,0,0,0,0,0,0
335.07579,0,0,0,0,0,0,0,0,0,0,0,0,0,0,0,0,0,0,0,0,0,0,0,0,0,0,0,0,0,0
335.07681,0,0,0,0,0,0,0,0,0,0,0,0,0,0,0,0,0,0,0,0,0,0,0,0,0,0,0,0,0,0
260.00573,0,0,0,0,0,0,0,0,0,0,0,0,0,0,0,0,0,0,0,0,0,0,0,0,0,0,0,0,0,0
254.162,0,0,0,0,0,0,0,0,0,0,0,0,0,0,0,0,0,29972.24414,0,17837.73242,0,0,0,0,0,0,0,0,0,0
285.04984,0,0,0,0,0,0,0,0,0,0,0,0,0,0,0,0,0,0,0,0,0,0,0,0,0,0,0,0,0,0
445.25795,0,0,0,0,0,0,0,0,0,0,0,0,0,0,0,0,0,0,0,0,0,0,0,0,0,0,0,0,0,0
246.13376,0,0,0,0,0,0,0,0,0,0,0,0,0,0,0,0,0,1260000.687,0,0,0,0,0,0,0,100414.9492,0,0,0,0
291.06143,0,0,1410000.9,16334.77344,0,200444.1113,0,0,0,0,0,0,193005.8867,0,0,0,0,262400.16,0,17243.7539,0,0,0,0,0,0,0,0,0,17566.71484
295.16915,0,0,0,158004.5791,0,0,0,0,17474.59375,0,0,100791.7002,0,0,18948.49414,16348.55566,14631.415,0,0,179006.007,0,0,0,16675.23438,0,0,22789.14006,1700700.186,17656.75977,22584.66401
275.09013,0,0,0,0,0,0,0,0,0,0,0,0,0,0,0,0,0,0,0,0,0,0,0,0,0,0,0,0,0,0
404.14376,0,0,0,0,0,0,0,0,0,0,0,0,0,0,0,0,0,0,0,0,0,0,0,0,0,0,0,0,0,0
136.06101,0,0,0,0,0,0,0,0,0,0,0,0,0,0,0,0,0,0,0,0,0,0,0,0,0,0,0,0,0,0
367.22596,0,0,0,11423.00002,0,0,0,15928.374,0,0,15771.61004,0,0,0,0,0,0,0,0,0,0,0,0,0,0,0,0,0,0,0
247.16482,14117.59375,0,0,0,1600100.65,14837.88379,0,2005003.401,0,25176.81005,17338.12695,19321.92773,0,0,0,1300001.847,100839.5225,952007.5547,79625.11719,75281.30047,88745.33594,44348.84375,0,0,0,0,0,0,0,0
390.24819,0,0,0,0,0,0,0,0,0,0,0,0,0,0,0,0,0,0,0,0,0,0,0,0,0,0,0,0,0,0
223.96985,0,0,0,0,0,0,0,0,0,0,0,0,0,0,0,0,0,0,0,0,0,0,0,0,0,0,0,0,0,0
202.06523,0,0,0,0,0,0,0,0,0,0,0,0,0,0,0,0,0,0,0,0,0,0,0,0,0,0,0,0,0,0
279.13709,0,0,0,0,0,11454.6416,0,0,0,0,0,0,0,9368.84668,0,0,12513.61914,0,0,0,0,0,12328.97266,0,0,14942.44434,18143.6914,14226.64453,13687.7005,171300.7129
339.28885,0,0,0,18497.86914,0,0,143007.3252,0,200858.4648,0,15246.1875,0,0,0,14336.94824,0,0,0,0,0,0,0,0,0,0,0,0,0,0,0
273.12252,146300.6611,23837.2168,221800.1816,266003.1992,28512.62101,21997.91992,26939.48633,300336.7422,38313.48438,21938.9375,35191.00008,223002.75,35194.2007,28328.69336,31796.2005,0,0,0,0,0,0,0,0,18937.00898,0,240055.9531,29133.39844,19158.00996,152700.1348,25567.10055
183.11208,0,0,0,0,0,0,0,0,0,0,0,0,0,0,0,0,0,0,0,0,0,0,0,0,0,0,0,0,0,0
335.10226,612600.7344,94265.19531,1005792.8,1005921.002,122569.4601,75341.63281,10050075.4,118114.1009,152965.9375,78156.89844,137327.0031,81144.50078,1294005.867,92647.63281,137572.5625,158343.75,1610017.531,19100007.19,1562001.003,149295.5938,1478300.601,0,126372.007,153273.3901,129728.7734,241349.4219,2005873.89,172867.1401,181626.25,217451.9375
335.10249,0,0,0,0,0,0,0,0,0,0,0,0,0,0,0,0,0,0,0,0,0,91775.19531,0,0,0,0,0,0,0,0
335.10147,0,0,0,0,0,0,0,0,0,0,0,0,0,0,0,0,0,0,0,0,0,0,0,0,0,0,0,0,0,0
335.102,0,0,0,0,0,0,0,0,0,0,0,0,0,0,0,0,0,0,0,0,0,0,0,0,0,0,0,0,0,0
335.10305,0,0,0,0,0,0,0,0,0,0,0,0,0,0,0,0,90083.00006,0,0,0,0,0,0,0,0,0,0,0,0,0
369.05186,0,0,0,0,0,0,0,0,0,0,0,0,0,0,0,0,0,0,0,0,0,0,0,0,0,0,0,0,0,0
216.12266,0,0,0,0,0,0,0,0,0,0,0,0,0,0,0,0,0,0,0,0,0,0,0,0,0,0,0,0,0,0
403.10998,22696.18359,27462.96484,26384.46009,22697.27539,313700.7003,26654.64258,24749.3164,241900.5234,200569.5977,29671.55008,31696.71289,24225.00313,27687.76367,18937.61719,185400.0043,700713.3901,66217.24219,0,0,548500.7003,600977.7007,0,31257.10016,46647.32003,364006.4492,31679.57617,500543.793,33912.00664,5600004.766,431700.2383
347.06943,0,0,0,0,0,0,0,0,0,0,0,0,0,0,0,0,0,0,0,0,0,0,0,0,0,0,0,0,0,0
347.0698,0,0,0,0,0,0,0,0,0,0,0,0,0,0,0,0,0,0,0,0,0,0,0,0,0,0,0,0,0,0
220.16923,0,0,0,0,0,0,0,0,0,0,0,0,0,0,0,0,0,0,0,0,0,0,0,0,0,0,0,0,0,0
187.07385,0,0,0,0,0,0,0,0,0,0,0,0,0,0,0,0,0,0,0,0,0,0,0,0,0,0,0,0,0,0
257.14959,0,0,0,0,0,0,0,0,0,0,0,0,0,0,0,0,0,0,0,0,0,0,0,0,0,0,0,0,0,0
272.16076,0,0,0,0,0,0,0,0,0,0,0,0,0,0,0,0,0,0,0,0,0,0,0,0,0,0,0,0,0,0
272.16104,0,0,0,0,0,0,0,0,0,0,0,0,0,0,0,0,0,0,0,0,0,0,0,0,0,0,0,0,0,0
265.08252,0,0,0,0,0,0,0,0,0,0,0,0,0,0,0,0,0,0,0,0,0,0,0,0,0,0,0,0,0,0
257.05496,0,0,0,0,0,0,0,0,0,0,0,0,0,0,0,0,0,0,0,0,0,0,0,0,0,0,0,0,0,0
277.11726,0,0,0,0,0,0,0,0,0,0,0,0,0,0,0,0,0,0,0,0,0,0,0,0,0,0,0,0,0,0
346.30981,0,0,0,0,0,0,0,0,0,0,0,0,0,0,0,0,0,0,0,0,0,0,0,0,0,0,0,0,0,0
346.31141,0,0,0,0,0,0,0,0,0,0,0,0,0,0,0,19257.96484,14594.58984,0,0,17457.47266,14297.27832,14742.41401,0,0,0,0,0,0,0,0
346.31024,0,0,0,0,0,0,0,0,0,0,0,0,0,0,0,0,0,0,0,0,0,0,0,0,0,0,0,0,0,0
162.05442,388900.9006,52125.86328,563008.3984,55764.26172,53629.9375,491200.625,42464.00859,519800.7003,700511.8438,530077.1836,610037.3477,41939.82003,58672.23828,41716.59766,66418.875,78525.77344,62658.89453,843003.8901,61374.625,68559.71009,710012.1875,760099.5,149492.1401,134167.8438,1007135.758,156696.7813,166249.6875,112726.4844,1745700.5,141755.4375
332.33132,18371005.75,1861956.625,2183879,1926654.375,2641775.75,2388552.5,1664134.875,1596399.5,1643888.25,200005429.9,2468739,1576422.625,1549242.5,1358966.25,1293523.625,3628883.5,32391009.25,0,0,3153575.75,0,0,2889434.75,267003500.8,23157600.5,2319586.25,28700743.75,2227543.25,3374417.5,2532216.75
332.33168,233153.3901,2681400.531,253698.2344,0,331174.5313,321126.0094,0,0,0,0,3400374.438,177919.875,176974.7656,171433,179287.9688,0,0,430045800.5,30089983.5,0,3234411.75,2714532.75,0,3600346.719,0,0,326779.0063,0,0,0
332.33163,0,0,0,2242007.484,0,281211.2188,2200114.401,1710043.281,227484.875,2316001.75,0,0,0,0,0,4300574.281,295133.3438,467728.9688,383769.6875,4008421.969,3984006.188,349616.3125,341215.9688,0,243581.9688,234711.7969,0,2197900.266,443354.4688,2600186.375
332.33073,0,1230072.648,0,0,0,1594002.172,1300435.156,0,0,0,0,0,0,0,0,0,0,0,2100284.781,0,0,163332.5781,139715.625,0,0,0,0,0,1820052.266,0
332.33062,0,0,0,0,0,0,1300248.766,0,0,0,0,0,0,0,0,0,0,0,0,0,0,0,0,0,0,0,0,0,0,0
332.33156,0,0,0,0,0,0,0,0,0,0,0,0,0,0,0,0,0,0,0,0,0,0,0,0,0,0,0,0,0,0
332.33063,0,0,0,0,0,0,141114.3281,0,0,0,0,0,0,0,0,0,0,0,0,0,0,0,0,0,0,0,0,0,0,0
332.33017,0,0,0,0,0,0,0,0,0,0,0,0,0,0,0,0,0,0,0,0,0,0,0,0,0,0,0,0,0,0
373.04894,0,0,0,0,0,0,0,0,0,0,0,0,0,0,0,0,0,0,0,0,0,0,0,0,0,0,0,0,0,0
297.18487,399007.0059,328400.9002,32793.21009,34639.8164,39678.59375,45482.72656,3800100.98,400679.23,41899.94531,416100.6523,46958.53901,34447.24601,436008.6719,400266.7656,397002.1367,600355.0039,48425.7539,741800.6719,44935.10055,423100.2227,44846.24219,0,615600.6523,55184.28516,390026.7578,54536.60055,59265.33984,45911.98828,59373.50039,0
204.02852,0,0,0,0,0,0,0,0,0,0,0,0,0,0,0,0,0,0,0,0,0,0,0,0,0,0,0,0,0,0
273.1259,0,0,0,0,0,0,0,0,0,0,0,0,0,0,0,0,0,5851.004688,0,0,0,0,0,0,0,0,0,0,0,0
197.12757,0,6983.428223,0,0,0,0,0,0,0,13815.11328,1005007.882,0,0,0,0,0,0,0,0,0,0,0,11532.7627,0,0,0,0,0,0,0
449.17449,0,0,0,0,0,0,0,0,0,0,0,0,0,0,0,0,0,0,0,0,0,0,0,0,0,0,0,0,0,0
351.05071,0,0,0,0,0,0,0,0,0,0,0,0,0,0,0,0,29443.35742,35331.88672,22572.00938,0,27412.48242,15645.00901,18129.498,0,0,31146.44531,0,0,0,0
351.04996,0,0,0,0,0,0,0,0,0,0,0,0,0,0,0,0,0,0,0,0,0,0,0,0,0,0,0,0,0,0
351.04926,0,0,0,0,0,0,0,0,0,0,0,0,0,0,0,0,0,0,0,0,0,0,0,0,0,0,0,0,0,0
387.26065,0,0,0,0,0,0,0,0,0,0,0,0,0,0,0,0,0,0,0,0,0,0,0,0,0,0,0,0,0,0
387.25831,0,0,0,0,0,0,0,0,0,0,0,0,0,0,0,0,0,0,0,0,0,0,0,0,0,0,0,0,0,0
333.08661,0,0,0,0,0,0,0,0,0,0,0,0,0,0,0,0,0,15412.957,0,0,0,0,19237.41797,0,16719.94531,21796.38477,200518.3901,13441.84668,24562.37101,17212.38867
333.08676,0,0,0,0,0,0,0,0,0,0,0,0,0,0,0,0,0,0,0,0,0,0,0,0,0,0,0,0,0,0
333.08589,0,0,0,0,0,0,0,0,0,0,0,0,0,0,0,0,0,0,0,0,0,0,0,0,0,0,0,0,0,0
202.07029,0,0,0,0,0,0,0,0,0,0,0,0,0,0,0,0,0,0,0,0,0,0,0,0,0,0,0,0,0,0
418.2477,0,0,0,0,0,0,0,0,0,0,0,0,0,0,0,0,0,0,0,0,0,0,0,0,0,0,0,0,0,0
339.08328,0,0,0,0,0,0,0,0,0,0,0,0,0,0,0,0,23456.30001,25924.91992,0,22992.00938,21623.90023,0,0,0,0,0,0,0,0,0
208.14366,0,0,0,0,0,0,0,0,0,0,0,0,0,0,0,0,0,0,0,0,0,0,0,0,0,0,0,0,0,0
423.05457,0,0,0,0,0,0,0,0,0,0,0,0,0,0,0,0,0,0,0,0,0,0,0,0,0,0,0,0,0,0
379.09283,64112.20031,957700.6953,10066004.01,97629.23438,995100.3984,76943.4375,870078.8984,1007428.953,139616.625,1004613.009,117959.0047,72793.15625,113263.0016,86584.30047,1003799.867,139715.5469,0,184632,13007005.55,161283.2969,124594.6002,78663.22656,159324.2003,175453.4531,159596.7813,233839.8594,20083003.6,171212.875,228681.0047,222696.5469
379.09222,0,0,0,0,0,0,0,0,0,0,0,0,0,16624.55469,0,0,132833.5313,0,0,0,0,0,0,0,0,390056.9492,400924.5898,350087.98,0,0
379.09191,0,0,0,0,0,0,0,18734.9746,0,0,0,0,0,0,0,0,0,0,0,0,0,0,0,0,0,0,0,0,0,0
379.09251,0,0,0,0,0,0,0,0,0,0,0,0,0,0,0,0,0,0,0,0,0,0,0,0,0,0,0,0,0,0
379.09224,0,0,0,0,0,0,0,21577.75586,0,0,0,0,0,0,0,0,0,0,0,0,0,0,0,0,0,0,0,0,0,0
379.09242,13373.27832,0,0,0,239002.8438,0,0,0,0,0,0,0,0,0,0,0,0,0,0,0,0,0,0,0,0,0,0,0,0,0
379.09269,0,0,0,0,0,0,0,0,0,0,0,0,0,0,0,0,0,0,0,0,0,0,0,32184.11523,0,0,0,0,0,0
379.09218,0,0,0,0,0,0,0,0,0,0,24761.53516,0,0,0,0,0,0,0,0,0,0,0,0,0,0,0,0,0,0,0
379.09114,0,0,0,0,0,0,0,0,0,0,0,0,0,0,23632.00254,0,0,0,0,0,0,0,0,0,0,0,0,0,0,0
379.09169,0,0,0,0,0,0,0,0,0,0,0,0,200681.877,0,0,0,0,0,0,0,0,0,0,0,0,0,0,0,0,0
379.09135,0,0,0,19184.94727,0,0,0,0,0,0,0,0,0,0,0,0,0,0,0,0,0,0,0,0,0,0,0,0,0,0
226.15522,0,0,13125.26172,0,0,11732.99601,100557.8232,0,120094.12,0,11472.13184,0,9915.661133,0,0,16279.71009,17156.56445,17653.60055,0,0,16877.123,0,19118.72266,167006.1563,13585.52246,164100.3379,18949.36914,0,169001.5547,16531.9121
226.15514,0,0,0,0,0,0,0,0,0,0,0,0,0,0,0,0,0,0,0,0,0,0,0,0,0,0,0,0,0,0
431.05222,0,0,0,0,0,0,0,0,0,0,0,0,0,0,0,0,0,0,0,0,0,0,0,0,0,0,0,0,0,0
171.10177,0,0,0,0,0,0,0,0,0,0,0,0,0,0,0,0,0,0,0,0,0,0,0,0,0,0,0,0,0,0
475.04283,0,0,0,0,0,0,0,0,0,0,0,0,0,0,0,0,0,0,0,0,0,0,0,0,0,0,0,0,0,0
351.19456,0,0,0,0,0,0,0,0,0,0,0,0,0,0,0,0,0,0,0,0,0,0,0,0,0,0,0,0,0,0
486.24864,0,0,0,0,0,0,0,0,0,0,0,0,0,0,0,0,0,0,0,0,0,0,0,0,0,0,0,0,0,0
486.24949,0,0,0,0,0,0,0,0,0,0,0,0,0,0,0,0,0,0,0,0,0,0,0,0,0,0,0,0,0,0
290.08125,0,0,0,0,0,0,0,0,0,0,0,0,0,0,0,0,0,0,0,0,0,0,0,0,0,0,0,0,0,0
429.21828,0,0,0,0,0,0,0,0,0,0,0,0,0,0,0,0,0,0,0,0,0,0,0,0,0,0,0,0,0,0
429.21722,0,0,0,0,0,0,0,0,0,0,0,0,0,0,0,0,0,0,0,0,0,0,0,0,0,0,0,0,0,0
429.21777,0,0,0,0,0,0,0,0,0,0,0,0,0,0,0,0,0,0,0,0,0,0,0,0,0,0,0,0,0,0
429.21684,0,0,0,0,0,0,0,0,0,0,0,0,0,0,0,0,0,0,0,0,0,0,0,0,0,0,0,0,0,0
429.21804,0,0,0,0,0,0,0,0,0,0,0,0,0,0,0,0,0,0,0,0,0,0,0,0,0,0,0,0,0,0
429.21819,0,0,15934.90014,0,0,0,0,0,0,0,0,0,0,0,0,0,0,0,0,0,0,17797.66797,0,0,0,0,0,0,0,0
429.21761,0,0,0,0,0,0,0,0,0,0,0,0,0,0,0,0,0,0,0,0,0,0,0,0,0,0,0,0,0,0
429.21716,0,0,0,0,0,0,0,0,0,0,0,0,0,0,0,18859.79883,0,0,0,0,0,0,0,0,0,0,0,0,0,0
429.21686,0,0,0,0,0,186700.0074,0,0,0,0,0,0,0,0,0,0,0,0,0,0,0,0,0,0,0,0,0,0,0,0
429.21715,0,0,0,0,0,0,15226.23005,0,0,0,0,0,0,0,0,0,0,0,0,0,0,0,0,0,0,0,0,0,0,0
429.21765,0,0,0,0,0,0,0,0,0,0,0,0,0,0,0,0,0,0,0,0,0,0,0,0,0,0,12911.0043,0,0,0
429.21786,0,0,0,0,0,0,0,0,114005.7129,0,0,0,0,0,0,0,0,0,0,0,0,0,0,0,0,0,0,0,0,0
429.2181,0,0,0,0,0,0,0,0,0,0,0,0,0,100197.65,0,0,0,0,0,0,0,0,0,0,0,0,0,0,0,0
429.21761,0,0,0,0,0,0,0,0,0,0,0,0,0,0,0,0,0,0,0,0,0,0,0,0,0,0,0,8819.50001,0,0
425.12317,0,0,0,0,0,0,0,0,11863.3955,240011.7148,0,0,0,0,0,0,0,0,0,0,0,0,0,0,0,0,0,0,0,0
269.15081,0,0,0,0,0,0,0,0,0,0,0,0,0,0,0,0,0,0,0,0,0,0,0,0,0,0,0,0,0,0
239.06647,0,0,0,0,0,0,0,0,0,0,0,0,0,0,0,0,0,0,0,0,0,0,0,0,0,0,0,0,0,0
162.12705,0,0,0,0,11387.43457,0,100765.8945,0,0,0,0,0,0,0,0,285005.7001,0,341004.4648,249200.248,0,28274.55859,0,0,0,0,0,24244.8457,0,0,0
201.15947,0,0,0,0,0,0,0,0,0,0,0,0,0,0,0,0,0,0,0,0,0,0,0,0,0,0,0,0,0,0
261.14341,0,0,0,0,0,0,0,0,0,0,0,0,0,0,0,0,0,0,0,0,0,0,0,0,0,0,0,0,0,0
240.16958,0,0,0,0,0,0,0,0,0,0,0,0,0,0,0,0,0,0,0,0,0,0,0,0,0,0,0,0,0,0
320.09182,0,0,0,0,0,0,0,0,0,0,0,0,0,0,0,0,0,0,0,0,0,0,0,0,0,0,0,0,0,0
447.01776,0,0,0,0,0,0,0,0,0,0,0,0,0,0,0,0,0,0,0,0,0,0,0,0,0,0,0,0,0,0
447.01742,0,0,0,0,0,0,0,0,0,0,0,0,0,0,0,0,0,0,0,0,0,0,0,0,0,0,0,0,0,0
318.14379,0,0,0,0,0,0,0,0,0,0,0,0,0,0,0,0,0,0,0,0,0,0,0,0,0,0,0,0,0,0
359.10572,0,0,0,0,0,0,0,0,0,0,0,0,0,0,0,0,0,0,0,0,0,0,0,0,0,0,0,0,0,0
275.04787,0,0,0,0,0,0,0,0,0,0,0,0,0,0,0,0,0,0,0,0,0,0,0,0,0,0,0,0,0,0
216.0647,0,0,0,0,0,0,0,0,0,0,0,0,0,0,0,0,0,0,0,0,0,0,0,0,0,0,50039.00786,0,0,0
267.13676,0,0,96007.8252,0,0,0,0,0,0,0,0,0,0,0,0,0,0,0,0,0,0,0,0,0,0,18798.19922,0,0,0,200952.0049
339.23097,0,0,0,212001.4601,0,0,0,0,0,0,0,0,0,0,0,0,0,0,0,0,0,0,0,0,0,0,0,0,0,0
357.14744,0,0,0,0,0,0,0,0,0,0,0,0,0,0,0,0,0,0,0,0,0,0,0,0,0,0,0,0,0,0
357.1473,0,0,0,0,0,0,0,0,0,0,0,0,0,0,0,0,0,0,0,0,0,0,0,0,0,0,0,0,0,0
241.12201,0,0,14989.00557,0,0,0,0,0,17115.36523,0,0,0,0,0,0,0,200582.8496,17755.00859,13435.87201,14813.00938,16175.291,0,18551.58398,190088.5137,210075.1699,226001.6005,23735.27734,200295.8223,22565.44922,244500.1005
241.12241,0,0,0,0,0,0,0,0,0,0,0,0,0,0,0,0,0,0,0,0,0,0,0,0,0,0,0,0,0,0
190.14269,0,0,0,0,0,0,0,0,0,0,0,0,0,0,0,0,0,0,0,0,0,0,0,0,0,0,0,0,0,0
282.27868,0,0,0,0,0,0,0,0,0,0,0,0,0,0,0,15122.85645,0,0,0,0,1400700.386,0,0,0,0,0,0,0,0,0
279.10066,0,0,0,0,0,0,0,0,0,0,0,0,0,0,0,0,0,0,0,0,0,0,0,0,0,0,0,0,0,0
343.07414,222385.6401,2677500.901,237258.1719,268198.125,3005721.625,283372.3438,2511700.672,221853.6719,2266002.547,327515.0031,327351.25,2789400.313,2390061.002,1960085.422,198242.1563,96200200.94,9556009.188,1258157.375,887655.8125,7300255.006,885411.75,0,368861.8438,5557007.313,451534.1875,429286.5938,584891.125,382143.8438,5570012.625,4234100.781
343.07423,0,0,18697.80086,223003.375,237900.005,23816.2871,25274.26563,17838.41401,0,25959.291,300543.8418,0,0,0,0,56396.99601,0,0,0,41822.94531,490078.746,43354.39453,320064.5117,41474.51563,0,27648.11914,38136.19531,26865.63672,43581.34375,0
343.07425,0,0,0,0,0,0,0,0,0,0,0,0,0,0,0,0,0,0,0,0,0,742547.6875,0,0,0,0,0,0,0,0
343.07438,17567.45313,0,0,0,0,0,0,0,0,0,0,0,17544.60074,0,0,0,534900.246,69877.21009,0,0,0,0,0,0,0,0,0,0,0,0
343.07392,0,0,0,0,0,0,12649.13672,0,0,0,0,0,0,0,0,0,0,0,0,0,0,0,0,0,0,0,0,0,0,0
173.02629,0,0,0,0,0,0,0,0,0,0,0,0,0,0,0,0,0,0,0,0,0,0,0,0,0,0,0,0,0,0
254.24733,0,0,0,14557.43262,0,0,120034.6543,0,17189.67773,0,11766.96387,0,0,0,15588.00186,0,1300001.395,0,14121.44531,0,100382.7764,0,0,0,0,18419.50078,170036.4473,0,120037.3643,14735.83101
391.2627,0,0,0,0,0,0,0,0,0,0,0,0,0,0,0,0,0,0,0,0,0,0,0,0,0,0,0,0,0,0
353.30453,0,0,0,0,0,0,0,0,0,0,0,0,0,0,0,0,0,0,0,0,0,0,12973.9541,14889.8125,0,0,0,14822.7246,0,0
239.0831,0,0,0,0,0,0,0,0,0,0,0,0,0,0,0,0,0,0,0,0,0,0,0,0,0,0,0,0,0,0
184.07307,56100864,6843353.5,6222453.5,70015648,69226004,9568382,6351353,55800152,71200196,53184003.5,600700372,52970055,6735317,500007347.5,69800554.5,69007123,525700002.5,8200000050,5004005201,52642005,5238772,7816245.5,7661353,63223007,46840046.5,67221006,8177299.5,6271675.5,70055988.5,75002496
271.09686,0,0,0,0,0,0,0,0,0,0,0,0,0,0,0,0,0,0,0,0,0,0,0,0,0,0,0,0,0,0
274.14206,0,0,0,0,0,0,0,0,0,0,0,0,0,0,0,0,0,0,0,0,0,0,7279.115723,0,0,0,0,0,0,0
397.20619,0,0,0,0,0,0,0,0,0,0,0,0,0,0,0,0,0,0,0,0,0,0,0,0,0,0,0,0,0,0
231.09653,0,0,0,0,0,0,0,0,0,0,0,0,0,0,0,0,0,0,0,0,0,0,0,0,0,0,0,0,0,0
244.16752,0,0,0,0,0,0,0,0,0,0,0,0,0,0,0,0,0,0,0,0,0,0,0,0,0,0,0,0,0,0
117.04798,0,0,0,0,0,0,0,0,0,0,0,0,0,0,0,0,0,0,0,0,0,0,0,0,0,0,0,0,0,0
361.05575,0,0,0,0,0,0,0,0,0,0,0,0,0,0,0,0,0,0,0,0,0,0,0,0,0,0,0,0,0,0
425.24712,0,0,0,0,0,0,0,0,0,0,0,0,0,0,0,0,0,0,0,0,0,0,0,0,0,0,0,0,0,0
426.20945,0,0,0,0,0,0,0,0,0,0,0,0,0,0,0,0,0,0,0,0,0,0,0,0,0,0,0,0,0,0
169.09662,0,0,0,0,0,0,0,0,0,0,0,0,0,0,0,0,0,0,0,0,0,0,0,0,0,0,0,0,0,0
201.08764,0,0,0,0,0,0,0,0,0,0,0,0,0,0,0,0,0,0,0,0,0,0,0,0,0,0,0,0,0,0
250.09225,0,0,0,0,0,0,0,0,0,0,0,0,0,0,0,0,0,0,0,0,0,0,0,0,0,0,0,0,0,0
184.00618,0,0,0,0,0,0,0,0,0,0,0,0,0,0,0,0,0,0,0,0,0,0,0,0,0,0,0,0,0,0
476.98576,296009.498,42979.96484,36833.65625,38721.00977,43173.23438,42665.23005,31715.10016,435300.293,43812.4375,564600.1484,37432.19922,47344.40063,46134.92969,400672.5547,45745.60055,33588.96009,32314.26367,0,0,3000082.342,0,0,43957.14844,62977.64453,49482.10055,429001.3901,64151.65625,45181.14844,69779.41401,52522.50078
455.00424,0,0,0,0,0,0,0,0,0,0,0,0,0,0,0,29843.20031,0,33641.75,24972.49601,251009.418,24538.30027,0,0,0,0,0,0,0,0,0
455.0048,0,0,0,0,0,0,0,0,0,0,0,0,0,0,0,0,0,0,0,0,0,0,0,0,0,0,0,0,0,0
455.00397,0,0,0,0,0,0,0,0,0,0,0,0,0,0,0,0,0,0,0,0,0,0,0,0,0,0,0,0,0,0
455.00329,0,0,0,0,0,0,0,0,0,0,0,0,0,0,0,0,0,0,0,0,0,0,0,0,0,0,0,0,0,0
455.00296,0,0,0,0,0,0,0,0,0,0,0,0,0,0,0,0,0,0,0,0,0,0,0,0,0,0,0,0,0,0
455.0033,0,0,0,0,0,0,0,0,0,0,0,0,0,0,0,0,0,0,0,0,0,0,0,0,0,0,0,0,0,0
455.00409,0,0,0,0,0,0,0,0,0,0,0,0,0,0,0,0,0,0,0,0,0,0,0,0,0,0,0,0,0,0
484.31288,0,0,0,0,0,0,0,0,0,0,0,0,0,0,0,0,0,0,0,0,0,0,0,0,0,0,0,0,0,0
459.25239,0,0,0,0,0,0,0,0,0,0,0,0,0,0,0,0,0,0,0,0,0,0,0,0,0,0,0,0,0,0
358.36739,0,0,0,0,0,0,0,0,0,0,0,0,0,0,0,8938.255859,0,0,0,0,0,0,0,0,0,0,0,0,0,0
451.0225,0,0,0,0,0,0,0,0,0,0,0,0,0,0,0,0,0,0,0,0,0,0,0,0,0,0,0,0,0,0
451.02294,0,0,0,0,0,0,0,0,0,0,0,0,0,0,0,0,0,0,0,0,0,0,0,0,0,0,0,0,0,0
451.02282,0,0,0,0,0,0,0,0,0,0,0,0,0,0,0,0,0,0,0,0,0,0,0,0,0,0,0,0,0,0
451.02205,0,0,0,0,0,0,0,0,0,0,0,0,0,0,0,0,0,0,0,0,0,0,0,0,0,0,0,0,0,0
286.31078,0,0,0,0,0,0,0,0,0,0,0,0,0,0,0,0,0,0,0,0,0,0,0,0,0,0,0,0,0,0
262.12735,0,0,0,0,0,0,0,0,0,0,0,0,0,0,0,0,0,0,0,0,0,0,0,0,0,0,0,0,0,0
362.06515,0,0,0,0,0,0,0,0,0,0,0,0,0,0,0,0,0,0,0,0,0,0,0,0,0,0,0,0,0,0
377.07608,0,0,0,0,0,0,0,0,0,0,0,0,0,0,0,0,0,0,0,0,0,0,0,0,0,0,0,0,0,0
377.07695,0,0,0,0,0,0,0,0,0,0,0,0,0,0,0,0,0,0,0,0,0,0,0,0,0,0,0,0,0,0
255.11655,0,0,0,0,0,0,0,0,0,0,0,0,0,0,0,0,0,0,0,0,0,0,0,0,0,0,0,0,0,0
391.03856,0,0,0,0,0,0,0,0,0,0,0,0,0,0,0,0,0,0,0,0,0,0,0,0,0,0,0,0,0,0
152.01588,0,0,0,0,0,0,0,0,0,0,0,0,0,0,0,0,0,0,0,0,0,0,0,0,0,0,0,0,0,0
431.25042,0,0,0,0,0,0,0,0,0,0,0,0,0,0,0,0,0,0,0,0,0,0,0,0,0,0,0,0,0,0
133.06352,0,0,0,0,0,0,0,0,0,0,0,0,0,0,0,0,0,0,0,0,0,0,0,0,0,0,0,0,0,0
279.18502,0,0,0,0,0,0,0,0,0,0,0,0,0,0,0,0,0,0,0,0,0,0,0,0,0,0,0,0,0,0
161.1075,0,0,0,0,0,0,0,0,0,0,0,0,0,0,0,0,0,0,0,0,0,0,0,0,0,0,0,0,0,0
311.12615,2000051.383,226900.16,22161.2005,32646.13477,28393.2007,29121.69531,25931.7007,28121.00547,28849.00234,37182.67969,372500.2578,282006.9258,22182.68945,215002.8496,0,51322.125,49875.73438,0,0,34177.00625,0,0,147300.127,0,13788.19922,16699.58594,200461.0047,0,0,16136.83101
311.12569,0,0,0,0,0,0,0,0,0,0,0,0,0,0,0,0,0,47954.582,428005.7101,0,38478.60016,346600.2578,0,0,0,0,0,0,0,0
311.12535,0,0,0,0,0,0,0,0,0,0,0,0,0,0,0,0,0,0,0,0,0,0,0,0,0,0,0,0,0,0
367.20081,0,0,0,0,0,0,0,0,0,0,0,0,0,0,0,0,0,0,0,0,0,0,0,0,0,0,0,0,0,0
206.04656,0,0,0,0,0,0,0,0,0,0,0,0,0,0,0,0,0,0,0,0,0,0,0,0,0,0,0,0,0,0
230.24689,0,0,0,0,0,0,0,0,0,0,8324.273438,0,0,0,0,191600.8,150083.8135,14746.88477,1600003.482,11719.4873,15322.18555,0,0,8214.216797,0,0,0,0,0,0
265.96133,11700415.88,1468534.375,12452002.5,13168009.13,1251563.625,1727133,135800008.1,15641007.5,1573577.25,1738721.375,1339646.75,19003958,1755698.75,1631751.5,17004865.75,1695691.375,15964900.63,1973943.375,13465006.75,14500178.25,1438464.375,16820025.88,2663733.5,3000057800,273200700.3,22816700.25,2937856.5,21790077.75,3129352.75,23670044.25
221.97116,5870049.188,766854.125,6366200.438,6600973.25,6004888.125,7887004.813,678141.625,8001283.5,7897300.188,7773600.188,674446.4375,897256.5625,8771100.563,7854003.688,741882.375,767591.6875,749843.5,8824005.625,6714009.875,68700004.94,6442600.75,737747.875,1100270000,12900218.63,1268722.5,1005000011,13001298.25,971517.25,1251218.625,100472600.8
212.00517,0,0,0,0,0,0,0,0,0,0,0,0,0,0,0,0,0,0,0,0,0,0,0,0,0,0,0,0,0,0
212.23722,2100298.003,173469.75,172791.9531,2002562.359,241849.9688,284298.3125,168438.7003,145763.6401,137991.8901,1900759.516,2250043.422,138537,149524.7188,134342.9375,1300696.89,33980000,345139.625,446588.4688,2795800,3345003.344,363787.125,3550056.469,2744400.844,224392.9844,2300932.547,169147.2003,2382100.313,1610018.601,283761.0063,211694.5156
439.02137,0,0,0,0,0,0,0,0,0,0,0,0,0,0,0,0,0,0,0,0,0,0,0,0,0,0,0,0,0,0
411.0145,400494.6289,73413.47656,63313.51563,62137.89453,63256.55008,6000075.168,673700.57,79827.61719,87624.55469,869004.8594,68323.007,96377.71875,900575.0086,82789.38281,84369.42969,158359.5781,139453.2003,0,0,122745.2734,0,0,1007292.501,219182.1719,1520081.984,1770028.828,234961.8901,134763.7656,211813.2656,196287.0078
417.03888,0,0,0,0,0,0,0,0,0,0,0,0,0,0,0,0,0,0,0,0,0,0,0,0,0,0,0,0,0,0
321.22138,48267.00501,560049.914,59711.79688,66867.28125,66771.375,5100003.125,532100.4414,662003.3901,67556.27344,574400.582,600146.8009,61356.0039,59714.00501,49382.69531,62875.89844,115188.4688,112951.4219,125962.4688,1006258.484,94523.57813,10030011.92,0,10062004.57,1211600.328,1003921.688,132644.4219,143284.0063,1006381,1330087.813,1352003.234
457.03169,0,0,0,0,0,0,0,0,0,0,0,0,0,0,0,0,0,0,0,0,0,0,0,0,0,0,0,0,0,0
357.16073,23992.88477,34526.63281,300444.7266,45128.5,35782.41401,256400.0092,36797.1875,31455.85156,43219.74601,31347.83398,33844.64844,29984.00293,33922.00859,24375.58594,38542.36328,630095.3984,600656.4727,0,0,53558.48828,56122.26563,0,60000001.98,68539.33594,66948.55469,93352.00156,860018.9766,73272.16401,83428.00234,87954.28901
265.13058,0,0,0,0,0,0,0,0,0,0,0,0,0,0,0,0,0,0,0,0,0,0,0,0,0,0,13728.8125,0,0,0
367.02481,200326.1005,330068.3672,27142.17188,28497.00918,29371.25977,300158.373,28184.47007,39531.77344,39853.66797,346300.8398,289300.9648,48155.23828,43238.61719,350055.957,42455.73005,0,600862.6009,0,59938.4414,500968.6563,0,0,49231.4414,91578,73722.00938,789700.625,1100811.922,64671.86719,90090000.1,860067.2656
222.03911,22149.85742,22781.68945,18897.82422,2400008.5,196800.5293,31214.10016,2100800.424,200449.0088,252800.621,16779.66992,28638.57813,260035.2695,23213.00449,18173.00234,23192.00684,25722.28516,19879.14453,35214.46875,16814.92383,0,17677.27344,336002.582,26671.64006,25218.58398,195600.2101,28818.54492,270044.0072,200963.0072,26482.73828,256004.289
229.15388,0,0,0,0,0,0,0,0,0,0,0,0,0,0,0,0,0,0,0,0,0,0,0,0,0,0,0,0,0,0
281.15351,19884.86523,34217.85938,32133.00586,0,0,0,3340000.8,0,41828.125,18421.52734,36785.78125,24893.64648,370091.7007,28676.84375,36978.23828,51778.35156,47937.55469,4700500.84,462004.4002,42777.16002,453008.4531,0,31288.43555,51685.48005,36817.59375,63982.97266,64994.99219,0,39696.39006,54618.76953
514.94164,0,0,0,0,0,0,0,0,0,0,0,0,0,0,0,0,0,0,0,0,0,0,0,0,0,0,0,0,0,0
650.04537,0,0,0,0,0,0,0,0,0,0,0,0,0,0,0,0,0,0,0,0,0,0,0,0,0,0,0,0,0,0
173.12757,0,0,0,0,0,0,0,0,0,0,0,0,0,0,0,0,0,0,0,0,0,0,0,0,0,0,0,0,0,0
288.19146,0,0,0,0,0,0,0,0,0,0,0,0,0,0,0,0,0,0,0,0,0,0,0,0,0,0,0,0,0,0
225.09054,0,11719.45215,0,13392.61621,144006.6934,0,12595.48633,16196.80047,17271.22266,0,0,84009.98828,154003.5898,0,14341.20031,28958.75977,300761.4006,250086.16,21553.00176,27672.51563,26111.30027,16279.30027,18562.31445,300892.0031,25182.83789,41377.00313,400845.8867,370058.0047,2800003.268,400658.0012
323.20028,0,0,0,0,0,0,0,0,0,0,0,0,0,0,14253.55371,0,158300.1797,19636.9668,0,0,15366.73242,0,0,18784.77734,14777.26007,2000049,0,19383.17969,0,254004.58
217.15377,0,0,0,0,0,0,0,0,0,0,0,0,0,0,0,0,0,0,0,0,0,0,0,0,0,0,0,0,0,0
159.0908,64943.59375,82369.20031,71846.39844,92794.79688,87441.50078,8300002.14,74693.55469,72969.00625,82993.89006,79287.00625,73232.40063,67583.14844,719001.5008,624006.4414,718700.0047,74953.58594,811500.2003,98229.86719,71341.66401,64865.00352,73233.007,98896.00859,149727.6719,129653.9922,1100834.71,156813.1401,1495700.922,1178008.1,175994.2813,1376200.14
278.08032,0,0,0,0,15228.89453,0,0,0,0,0,21667.36523,0,12832.73828,0,0,0,11833.50068,0,0,0,13974.18164,0,0,0,0,18831.91797,0,14627.55762,0,200926.7363
277.93743,0,0,0,0,0,0,0,0,0,0,0,0,0,0,0,170019.4453,0,24633.47656,0,13149.00146,14273.41113,0,360055.2969,300424.9238,274500.1005,19536.582,220018.2344,16766.83594,31518.42773,16636.51172
368.42517,283900.8007,330053.3438,300332.3887,26536.20031,410044.3516,38763.50078,2900500.766,27329.53901,260034.3691,31217.7009,32573.5002,32596.666,290065.621,196006.377,211009,0,0,0,0,0,0,0,29526.7168,34742.34375,340014.3,34938.5664,4550000.172,28459.1914,41382.91002,334200.48
213.12256,0,0,0,0,0,0,0,0,0,0,0,0,0,0,0,0,0,0,0,0,0,0,0,0,0,119800.1328,0,0,0,0
198.08804,53961.14006,65153.5,46721.29297,623100.8477,628500.3984,900613.0094,51439.29297,51231.66797,6200009.867,42342.00898,56926.875,41181.89453,49542.8789,3000063.746,58537.73828,83929.34375,58135.6875,88198.53901,44456.17188,51683.832,52185.32003,73478.72656,83376.78125,726004.9688,56362.88281,78766.34375,1009985.992,58539.21009,71423.25781,963004.7422
258.10918,0,100796.496,0,0,0,18299.77344,0,0,12596.19531,0,0,13944.95898,11923.16113,0,0,18598.39453,18188.85156,26797.23438,15866.27148,16212.58398,13743.50078,18595.74219,284800.3438,21368.26172,17853.3125,26898.31836,29982.8496,244003.8633,23513.9121,25711.29297
211.14399,0,0,0,0,0,0,0,0,0,0,0,0,0,0,0,0,0,0,0,0,0,0,0,0,0,0,0,0,0,0
267.98889,0,0,0,0,0,0,0,0,0,0,0,0,0,0,0,0,0,0,0,0,0,0,0,0,0,0,0,0,0,0
241.13242,0,0,0,0,0,0,0,0,0,0,0,0,0,0,0,0,0,0,0,0,0,0,0,0,0,0,0,0,0,0
395.03181,0,0,0,0,0,0,0,0,0,0,0,0,0,0,0,0,0,0,0,0,0,0,0,0,0,0,0,0,0,0
287.07914,0,0,0,0,0,0,0,0,0,0,0,0,0,0,0,0,0,0,0,0,0,0,0,0,0,0,0,0,0,0
254.15978,0,13599.84766,0,15585.8418,18429.3789,12397.00264,1500900.379,120069.0032,15118.53801,14724.59863,0,13818.57003,138100.5674,0,150017.3125,28636.60074,25267.10035,0,23831.70031,0,223300.4,19639.15234,22524.8496,25774.90063,23943.10074,25639.16797,400344.621,25624.8418,310063.1005,28742.00996
397.06826,0,0,0,0,0,0,0,0,0,0,0,0,0,0,0,0,0,0,0,0,0,0,0,0,0,0,0,0,0,0
261.10498,0,0,0,16224.5625,18621.49414,14653.10025,17565.66002,17816.39258,25841.76953,16563.82813,21656.10094,0,25774.15004,18913.9,174700.6301,21628.8457,2001006.009,19281.92578,17285.90023,15434.2539,17369.62695,0,0,0,0,0,0,0,0,14324.68945
411.01481,0,0,0,0,0,0,0,0,0,0,0,0,0,0,0,0,0,1916900.594,1344005.14,0,1320073.578,86692.21875,0,0,0,0,0,0,0,0
331.15519,0,0,0,0,0,0,0,0,0,0,0,0,0,0,0,0,0,0,0,0,0,0,0,0,0,0,0,0,0,0
644.02865,0,0,0,0,0,0,0,0,0,0,0,0,0,0,0,0,0,0,0,0,0,0,0,0,0,0,0,0,0,0
242.14953,0,0,0,0,0,0,0,0,0,0,0,0,0,0,0,0,0,0,0,0,0,0,0,0,0,0,0,0,0,0
202.1793,0,0,0,0,0,0,0,0,0,0,0,0,0,0,0,0,0,0,0,0,0,0,0,0,0,0,0,0,0,0
229.11783,0,0,0,0,0,0,0,0,0,0,0,0,0,0,0,0,0,12225.00127,0,0,0,0,0,0,0,0,0,0,0,0
204.09937,0,0,0,0,0,0,0,0,0,0,0,0,0,0,0,28957.61133,2600009.39,37915.1875,21818.10074,31659.748,26369.81836,22782.26172,43243.59375,300411.371,31175.52539,41449.60016,510078.0001,38374.3125,45513.00938,390029.2148
152.05638,0,0,13952.46387,0,0,172300.9199,1240000.941,0,110066.4008,17545.66992,0,0,0,0,1008600.162,166600.9668,0,17444.8164,0,0,13924.60055,171004.8,14723.73438,0,0,19429.51758,1800009.009,12963.35352,220051.7598,16276.5498
662.04071,0,0,0,0,0,0,0,0,0,0,0,0,0,0,0,0,0,0,0,0,0,0,0,0,0,0,0,0,0,0
199.10624,0,0,0,0,0,0,0,0,0,0,0,0,0,0,0,0,0,0,0,0,0,0,0,0,0,0,0,0,0,0
235.12235,0,0,0,0,0,0,0,0,0,0,0,0,0,0,12982.92285,17986.38281,15126.3789,0,0,170043.623,14736.00557,0,0,0,14378.67188,0,0,0,0,21333.38867
110.09578,0,0,0,0,0,0,0,0,0,0,0,0,0,0,0,0,0,0,0,0,0,0,0,0,0,0,0,0,0,0
188.05604,0,0,0,0,0,0,0,0,0,0,0,0,0,0,0,0,0,0,0,0,0,0,0,0,0,0,0,0,0,0
199.07505,0,0,0,0,0,0,0,0,0,0,0,0,0,0,0,0,0,0,0,0,0,0,0,0,0,0,0,0,0,0
295.08041,0,0,0,0,0,0,0,0,0,0,0,0,0,0,0,0,0,0,0,0,0,0,0,0,0,0,0,0,0,0
245.14912,0,0,0,0,0,0,0,0,0,0,0,0,0,0,0,0,0,0,0,0,0,0,0,0,0,0,0,0,0,0
371.16273,0,0,0,0,0,0,0,0,0,0,0,0,0,0,0,0,0,0,0,0,0,0,0,0,0,0,0,0,0,0
190.03735,0,0,0,0,0,0,0,0,0,0,0,0,0,0,0,0,0,0,0,0,0,0,0,0,0,0,0,0,0,0
134.09624,0,0,0,0,0,0,0,0,0,0,0,0,0,6184.327637,0,22246.007,19923.58789,210058.3164,2500500.775,18131.37695,21798.3418,13462.64941,0,0,100897.3682,0,17722.1289,122700.8213,0,15185.30076
644.03044,0,0,0,0,0,0,0,0,0,0,0,0,0,0,0,0,0,0,0,0,0,0,0,0,0,0,0,0,0,0
316.21053,0,0,0,0,0,0,0,0,0,0,0,0,0,0,0,0,0,0,0,0,0,0,0,0,0,0,0,0,0,0
224.07336,0,0,0,0,0,0,0,0,0,0,0,0,0,0,0,0,0,0,0,0,0,0,0,0,0,0,0,0,0,0
290.20668,0,0,0,0,0,0,0,0,0,0,0,0,0,0,0,0,0,0,0,0,0,0,0,0,0,0,0,0,0,0
296.3315,0,0,0,0,140029.1377,0,0,0,0,0,0,0,0,0,0,18438.47852,17226.00586,0,0,0,0,0,0,1700600.176,0,0,16133.32813,0,200294.7344,0
117.03251,0,0,0,0,0,0,0,0,0,0,0,0,0,0,0,0,4482.356934,0,0,0,0,0,0,0,0,9755.005273,0,0,0,0
622.02427,0,0,0,0,0,0,0,0,0,0,0,0,0,0,0,0,0,0,0,0,0,0,0,0,0,0,0,0,0,0
240.06492,0,0,0,0,0,0,0,0,0,0,0,0,0,0,0,0,0,0,0,0,0,0,0,0,0,0,0,0,0,0
371.22869,0,0,0,0,0,0,0,0,0,0,0,0,0,0,0,0,0,0,0,0,0,0,0,0,0,0,0,0,0,0
399.04971,0,0,0,0,0,0,0,0,0,0,0,0,0,0,0,0,0,0,0,0,0,0,0,0,0,0,0,0,0,0
272.13931,0,0,0,0,0,0,0,0,0,0,0,0,0,0,0,0,0,0,0,0,0,0,0,0,0,0,0,0,0,0
491.01017,0,0,0,0,0,0,0,0,0,0,0,0,0,0,0,0,0,0,0,0,0,0,0,0,0,0,0,0,0,0
208.13635,0,0,0,0,0,0,0,0,0,0,0,0,0,0,0,0,0,0,0,0,0,0,0,0,0,0,0,0,0,0
286.17542,0,0,0,0,0,0,0,0,0,0,0,0,0,0,0,0,0,0,0,0,0,0,0,0,0,0,0,0,0,0
270.14443,0,0,0,0,0,0,0,0,0,0,0,0,0,0,0,0,120023.789,14446.61133,130063.1699,0,0,0,0,0,0,0,1800008.98,12113.44531,0,0
106.08205,0,0,0,0,0,0,0,0,0,0,0,0,0,0,0,0,0,0,0,0,0,0,0,0,0,0,0,0,0,0
270.03737,0,0,0,0,0,0,0,0,0,0,0,0,0,0,0,0,0,0,0,0,0,0,0,0,0,0,0,0,0,0
287.09661,0,0,0,0,0,0,0,0,0,0,0,0,0,0,0,0,0,0,0,0,0,0,0,0,0,0,0,0,0,0
374.2158,0,0,0,0,0,0,0,0,0,0,0,0,0,0,0,0,0,0,0,0,0,0,0,0,0,0,0,0,0,0
365.18582,0,0,0,0,0,0,0,0,0,0,0,0,0,0,0,0,0,0,0,0,0,0,0,0,0,0,0,0,0,0
216.10927,0,0,0,0,0,0,0,0,0,0,0,0,0,0,0,0,0,0,0,0,0,0,0,0,0,0,0,0,0,0
201.0502,0,0,0,0,0,0,0,0,0,0,0,0,0,0,0,0,0,0,0,0,0,0,0,0,0,0,0,0,0,0
228.23144,0,0,0,0,0,0,0,0,0,0,0,0,0,0,0,0,0,0,0,0,0,0,0,0,0,0,0,0,0,0
618.04978,0,0,0,0,0,0,0,0,0,0,0,0,0,0,0,0,0,0,0,0,0,0,0,0,0,0,0,0,0,0
447.02905,0,0,0,0,0,0,0,0,0,0,0,0,0,0,0,0,0,0,0,0,0,0,0,0,0,0,0,0,0,0
267.1029,0,0,0,0,0,0,0,0,0,0,0,0,0,0,0,0,0,0,0,0,0,0,0,0,0,0,0,0,0,0
281.07717,0,0,0,0,0,0,0,0,0,0,0,0,0,0,0,0,0,0,0,0,0,0,0,0,0,0,0,0,0,0
861.06872,0,0,0,0,0,0,0,0,0,0,0,0,0,0,0,0,0,0,0,0,0,0,0,0,0,0,0,0,0,0
274.1561,0,0,0,0,0,0,0,0,0,0,0,0,0,0,0,0,0,0,0,0,0,0,0,0,0,0,0,0,0,0
443.1977,0,0,0,0,0,0,0,0,0,0,0,0,0,0,0,0,0,0,0,0,0,0,0,0,0,0,0,0,0,0
245.11118,0,0,0,0,0,0,0,0,0,0,0,0,0,0,0,0,0,0,0,0,0,0,0,0,0,0,0,0,0,0
284.16164,0,0,0,0,0,0,0,0,0,0,0,0,0,0,0,0,0,0,0,0,0,0,0,0,0,0,0,0,0,0
401.99545,0,0,0,0,0,0,0,0,0,0,0,0,0,0,0,0,0,0,0,0,0,0,0,0,0,0,0,0,0,0
390.23698,0,0,0,0,0,0,0,0,0,0,0,0,0,0,0,0,0,0,0,0,0,0,0,0,0,0,0,0,0,0
239.18545,0,0,0,0,0,0,0,0,0,0,0,0,0,0,0,0,0,0,0,0,0,0,0,0,0,0,0,0,0,0
575.37675,0,0,0,0,0,0,0,0,0,0,0,0,0,0,0,0,0,0,0,0,0,0,0,0,0,0,0,0,0,0
404.2858,0,0,0,0,0,0,0,0,0,0,0,0,0,0,0,0,0,0,0,0,0,0,0,0,0,0,0,0,0,0
251.1069,0,0,0,0,0,0,0,0,0,0,0,0,0,0,0,0,0,0,0,0,0,0,0,0,0,0,0,0,0,0
682.0048,0,0,0,0,0,0,0,0,0,0,0,0,0,0,0,0,0,0,0,0,0,0,0,0,0,0,0,0,0,0
386.27576,0,0,0,0,0,0,0,0,0,0,0,0,0,0,0,0,0,0,0,0,0,0,0,0,0,0,0,0,0,0
330.19774,0,0,0,0,0,0,0,0,0,0,0,0,0,0,0,0,0,0,0,0,0,0,0,0,0,0,0,0,0,0
143.11056,0,0,0,0,0,0,0,0,0,0,0,0,0,0,0,0,0,0,0,0,0,0,0,0,0,0,0,0,0,0
285.1731,0,0,0,0,0,0,0,0,0,0,0,0,0,0,0,0,0,0,0,0,0,0,0,0,0,0,0,0,0,0
321.14936,0,0,0,0,0,0,0,0,0,0,0,0,0,0,0,0,0,0,0,0,0,0,0,0,0,0,0,0,0,0
141.07025,0,0,0,0,0,0,0,0,0,0,0,0,0,0,0,0,0,0,0,0,0,0,0,0,0,0,0,0,0,0
385.18143,0,0,0,0,0,0,0,0,0,0,0,0,0,0,0,0,0,0,0,0,0,0,0,0,0,0,0,0,0,0
397.02521,0,0,0,0,0,0,0,0,0,0,0,0,0,0,0,0,0,0,0,0,0,0,0,0,0,0,0,0,0,0
257.17058,0,0,0,0,0,0,0,0,0,0,0,0,0,0,0,0,0,0,0,0,0,0,0,0,0,0,0,0,0,0
194.04549,0,0,0,0,0,0,0,0,0,0,0,0,0,0,0,0,0,0,0,0,0,0,0,0,0,0,0,0,0,0
359.00226,0,0,0,0,0,0,0,0,0,0,0,0,0,0,0,0,0,0,32843.83984,0,0,0,0,0,0,0,0,0,0,0
283.15741,0,0,0,0,0,0,0,0,0,0,0,0,0,0,0,0,0,0,0,0,0,0,0,0,0,0,0,0,0,0
268.06259,0,0,0,0,0,0,0,0,0,0,0,0,0,0,0,0,0,0,0,0,0,0,0,0,0,0,0,0,0,0
606.05649,0,0,0,0,0,0,0,0,0,0,0,0,0,0,0,0,0,0,0,0,0,0,0,0,0,0,0,0,0,0
230.09276,0,0,0,0,0,0,0,0,0,0,0,0,0,0,0,0,0,0,0,0,0,0,0,0,0,0,0,0,0,0
484.19066,0,0,0,0,0,0,0,0,0,0,0,0,0,0,0,0,0,0,0,0,0,0,0,0,0,0,0,0,0,0
383.2285,0,0,0,0,0,0,0,0,0,0,0,0,0,0,0,0,0,0,0,0,0,0,0,0,0,0,0,0,0,0
224.13942,0,0,0,0,0,0,0,0,0,0,0,0,0,0,0,0,0,0,0,0,0,0,0,0,0,0,0,0,0,0
403.12136,0,0,0,0,0,0,0,0,0,0,0,0,0,0,0,0,0,0,0,130067.5501,0,0,0,0,0,0,0,0,0,0
415.05043,0,0,0,0,0,0,0,0,0,0,0,0,0,0,0,0,0,0,0,0,0,0,0,0,0,0,0,0,0,0
256.21166,0,0,0,0,0,0,0,0,0,0,0,0,0,0,0,0,0,0,0,0,0,0,0,0,0,0,0,0,0,0
355.13612,0,0,0,0,0,0,0,0,0,0,0,0,0,0,0,0,0,0,0,0,0,0,0,0,0,0,0,23347.51172,0,0
259.13664,0,0,0,0,0,0,0,0,0,0,0,0,0,0,0,0,0,0,0,0,0,0,0,0,0,0,0,0,0,0
415.15916,0,0,0,0,0,0,0,0,0,0,0,0,0,0,0,0,0,0,0,0,0,0,0,0,0,0,0,0,0,0
233.11529,0,0,0,0,0,0,0,0,0,0,0,0,0,0,0,0,0,0,0,0,0,0,0,16546.97266,0,0,0,0,0,0
431.17583,0,0,0,0,0,0,0,0,0,0,0,0,0,0,0,0,0,0,0,0,0,0,0,0,0,0,0,0,0,0
274.05316,0,0,0,0,0,0,0,0,0,0,0,0,0,0,0,0,0,0,0,0,0,0,0,0,0,0,0,0,0,0
204.08531,0,0,0,0,0,0,0,0,0,0,0,0,0,0,0,0,0,0,0,0,0,0,0,0,0,0,0,0,0,0
325.18159,0,0,0,0,0,0,0,0,0,0,0,0,0,0,0,0,0,0,0,0,0,0,0,0,0,0,0,0,0,0
263.22365,0,0,0,0,0,0,0,0,0,0,0,0,0,0,0,0,0,0,0,0,0,0,0,0,0,0,0,0,0,0
249.98676,338325.5625,399561.7188,3490066.125,37000083.13,384737.3125,4600634.625,40000447.78,486248.5938,4530087.344,4648004.781,382155.5,544744.3125,475587.4006,447531.1875,5001638.813,3241008.781,328214.7188,371716.6875,271336.8125,266886.6875,272343.4006,2846600.438,3463900.401,375738.5625,394554.9688,398959.7188,427263.5313,334234.8125,344799.5625,363311.6563
249.98484,158003.8467,0,0,2300800.469,18894.82003,0,19255.7009,27673.00008,200224.8262,274004.0029,16567.87101,27446.00234,290077.7201,2200700.676,23252.25,0,0,0,0,0,0,0,200525.371,0,21292.916,0,267600.74,189002.9531,0,200819.0086
249.98743,88813.35938,10010016.46,920082.289,93651.00313,99436.27344,0,0,0,0,0,98323.51563,1400717.672,0,0,138161.3281,797400.0086,88282.71009,810043.7969,67548.83594,0,67179.57003,67582.78125,0,1002839.101,0,0,116978.82,0,0,0
249.98655,0,0,0,0,0,0,0,0,0,0,0,13643.85645,0,0,100625.2266,9798.3623,0,0,0,0,0,0,0,0,0,0,12852.8125,0,0,0
249.98777,0,0,0,0,0,0,0,0,0,0,0,0,0,0,0,200294.2988,170085.2148,24591.957,14234.25,13922.1621,14757.95313,193008.0043,0,0,0,0,0,0,0,0
249.98648,0,0,0,0,0,0,0,0,0,0,0,0,0,0,0,0,0,0,0,0,0,0,0,0,0,0,0,0,0,0
249.98718,0,0,0,0,0,0,0,0,0,0,0,0,0,0,0,0,0,0,0,0,0,0,0,0,0,0,0,0,0,0
249.98716,0,0,0,0,0,0,0,0,0,0,0,0,0,0,0,0,0,0,0,0,0,0,0,0,0,0,0,0,0,0
249.98684,0,0,0,0,0,0,0,0,0,0,0,0,0,0,0,0,0,0,0,0,0,0,0,0,0,0,0,0,0,0
249.98688,0,0,0,0,0,0,0,7112.660016,0,0,0,0,0,0,0,0,0,0,0,0,0,0,0,0,0,0,0,0,0,0
249.98733,0,0,0,0,0,0,0,0,0,0,0,0,0,0,0,0,0,0,0,0,0,0,0,0,0,0,0,0,0,0
249.98683,0,0,0,0,0,0,0,0,0,0,0,0,0,0,0,0,0,0,0,0,0,0,0,0,0,0,0,0,0,0
249.98673,0,0,0,0,0,0,0,0,0,0,0,0,0,0,0,0,0,0,0,0,0,0,0,0,0,0,0,0,0,0
249.98775,0,0,0,0,0,0,0,0,0,0,0,0,0,0,0,0,0,1100400.397,0,0,0,0,0,0,0,0,0,0,0,0
196.05807,0,0,0,0,0,0,0,0,0,0,0,0,0,0,0,0,0,0,0,0,0,0,0,0,0,0,0,0,0,0
360.36225,548251.0063,617126.3125,6110077.938,681381.625,8340077.625,623141.9375,585426.8125,542714.6875,4988009.901,623655.75,7550045.438,5540095.188,577741.25,49500100.28,432639.2188,11296005.13,10027968.44,1438961.375,1000071010,979823.5,94400900.69,0,8600942.75,8838100.625,836975.625,921117.4375,120000529.3,832624.25,1185336.875,11005933
194.10969,0,0,0,0,0,0,0,0,0,0,0,0,0,0,0,0,0,0,0,0,0,0,0,0,0,0,0,0,0,0
146.08211,0,0,0,0,0,0,0,0,0,0,0,0,0,0,0,0,0,0,0,0,0,0,0,131005.4619,0,0,0,0,0,0
327.10021,924008.1002,115379.625,111347.9766,11390000.63,1352700.359,1320031.547,113964.1002,1150076.953,11009800.53,152528.5,162287.9006,128563.8516,10020087.16,9003900.953,87991.41401,334715.3438,328292.7188,388797.8125,2867100.844,24009001.16,295489.5,0,10061009.55,133968.0063,123222.3516,138243.375,168697.3281,1160021.664,143675.7969,1260022.007
351.98518,1008358.96,1002787.57,89892.64844,1006833.281,133421.7656,165974.3438,1006495.39,844400.1484,98767.5625,124885.4601,173421.9531,84325.46875,91884.9375,88545.63281,799006.6002,86523.63281,68344.53901,10052600.91,61737.375,71446.5,8003009.586,0,214200.4375,0,0,0,0,0,100614.2129,0
240.26786,351419.4375,329847.625,312394.8438,3360093.375,4002264.688,447842.0094,327432.4688,315354.3438,274677.125,386238.6563,4400143.009,2900841.781,3003417.781,259888.3594,2210055.922,628857.625,614793.6875,7483700.375,518548.8125,5290059.563,591944.125,619552,5364200.563,45200009.59,424885.3438,459984,47300007.13,382159.6563,5500812.625,432516.7813
130.08543,0,0,0,0,0,0,0,0,0,0,0,0,0,0,0,0,0,0,0,0,0,0,0,0,0,0,0,0,0,0
327.1004,0,0,0,0,0,0,0,0,0,0,0,0,0,0,0,0,0,0,0,0,0,0,0,0,0,0,0,0,0,0
168.06675,0,0,0,0,0,0,0,0,0,0,0,0,0,0,0,0,0,0,0,0,0,0,0,0,0,0,0,0,0,0
221.97127,0,0,276855.4688,30043004.31,0,3584600.531,315762.125,377686.5938,361532.6563,0,3002753.006,428655.6875,391369,3500754.219,0,4006569.401,377656.125,461166.1563,0,3300444.438,0,0,591586.8125,6262800.625,0,523978.0063,624822.4375,4825009.938,648554,0
122.05865,0,0,0,0,0,0,0,0,0,0,0,0,0,0,0,0,0,0,0,0,0,0,0,0,0,0,0,0,0,0
304.29949,253965.625,2008745.875,2537007.601,235861.9375,34500001.44,338828.375,233155.5313,198141.2188,1790029.401,2315002.547,326323.2188,186191.8594,193756.7188,159594.2813,133367.5469,521413.5313,454577.3125,683627.625,425948.9006,43004900.01,4437008.006,0,328652.75,283534.1875,2400537.438,2444200.188,32005200.56,2526600.64,352414.75,30000215.16
234.01305,0,0,0,0,0,0,0,0,0,0,0,0,0,0,0,0,0,0,0,0,0,0,0,0,0,0,0,0,0,0
234.01314,0,9457.260074,0,100442.8848,0,0,0,0,0,0,0,0,11114.57129,0,0,0,0,0,0,0,0,0,0,0,0,0,0,0,0,0
423.05664,0,0,0,0,0,0,0,0,0,0,0,0,0,0,0,0,0,0,0,0,0,0,0,0,0,0,0,0,0,0
234.01307,0,0,100719.4932,0,0,3500003.832,0,0,14186.32813,0,15634.60084,0,0,0,0,0,0,0,0,0,0,0,117600.6191,0,160078.0096,0,200566.7101,0,141005.7158,0
234.0129,0,0,0,0,0,0,0,0,0,0,0,0,0,0,0,0,0,0,0,0,0,0,0,0,0,0,0,0,0,0
265.96134,246441.9219,274739.7813,245251.875,262824.9006,253817.0063,3260071.625,270000900,294349.3438,30070071.28,297719.0094,268129.3438,363864.8125,3530012.006,321886.4375,342863.2813,3009244.469,276793.5,3355005.003,226716.0016,2500113.859,252163.625,269529.375,415569.1875,5007977.25,451868.75,3734300.344,50000326.63,397587.5,50024004.72,419347.6875
189.04117,0,0,0,0,0,0,0,0,0,0,0,0,0,0,0,0,0,0,0,0,0,9000079.328,1300555,0,111448.8359,0,0,0,0,0
265.96101,280057.2441,38262.63672,32153.61523,31519.85156,31596.00352,33963.50039,32114.86719,347700.664,32241.3164,400678.2101,33422.98005,5000049.426,48937.57813,36217.45313,48617.88281,33456.92578,35475.33594,0,0,300638.73,337002.4688,0,54768.15625,690078.75,51587.63281,46567.26172,74235.72656,49162.92188,900949.1953,63653.35156
395.03878,0,35833.23828,31922.82422,35923.48005,36225.58594,29936.832,29333.0084,41254.2539,49926.89453,36528.40023,300516.6328,47119.11328,500182.746,383003.0094,400842.9258,0,480011.005,0,43444.17969,0,0,0,0,61981.53125,49142.47266,56755.27734,76313.00234,49511.58984,0,0
373.05769,0,0,0,0,0,0,0,0,0,0,0,1007007.113,100265.4727,0,9192.992188,0,0,0,17584.50098,0,0,0,0,225007.2871,0,15329.45898,21854.86328,0,16316.10001,171008.3184
360.36276,89213.89006,114956.0031,1008194.727,13006300,1700847.172,1240037.004,113188.7969,0,0,134116.5781,1670023.516,83337.96009,1005799.227,8570000.875,8600002.867,0,0,0,0,0,0,7321009.438,166112.7813,1580031.5,0,135231.1719,1600762.601,118574.2266,242577.2003,16700500.97
94.92865,96714.00625,1180099.57,1008577.672,918004.625,1003487,123315.4766,10034003,134166.7003,1300631.336,115732.1875,1005938.992,155749.4688,149361.4006,1180065.727,13006200.32,113213.25,122945.1002,145497.4006,1133006.813,1008366.875,1006323.719,112867.7188,178586.375,1957001.266,20013800.94,175185.7344,188855.125,151982.9375,2004727.797,1584600.375
221.97099,464400.0031,64229.582,57413.69531,61397.00195,55471.92188,62463.85156,50000002,725009.7188,62518.46484,65854.35156,54978.66797,78974.16401,737700.6401,76668.94531,66793.65625,700472.2101,69442.98438,646900.4414,600973.0039,6007600.168,57269.48828,66288.19531,91421.007,112453.1172,116372.5547,83873.375,98737.57003,84884.4375,10031003.9,76469.10094
190.02213,0,0,0,0,0,0,0,0,0,0,0,0,0,0,0,0,0,0,0,0,0,0,0,0,0,0,0,0,0,0
395.04058,0,0,0,0,0,0,0,0,0,0,0,0,0,0,0,55323.25781,0,600872.789,0,44268.54297,48658.00234,25331.94727,280082.8828,0,0,0,0,0,54888.89453,62879.25781
395.03575,0,0,0,0,0,0,0,0,0,0,0,0,0,0,0,12744.71191,0,136004.6543,0,0,0,0,0,13845.76758,0,0,0,0,0,0
395.04069,0,0,0,0,0,0,0,0,0,0,0,0,0,0,0,0,0,0,0,1001009.862,0,0,0,0,0,0,0,0,0,0
78.95465,200395.1758,275007.1445,19678.93359,230079.501,22374.00645,26199.59375,28138.7539,3000032.007,280054.5293,27799.00352,24193.44922,29748.54883,290016.7005,2800300.615,28355.14453,0,212009.3801,22256.88867,15357.38965,13326.50049,172002.8242,0,21654.96484,22344.61133,23262.61523,21747.541,22642.5918,19964.9375,228006.9008,230058.9883
265.96062,0,0,0,0,0,0,0,0,0,0,0,0,12194.873,0,0,0,0,0,0,0,0,0,0,0,0,0,0,200376.501,0,0
265.96064,0,0,0,0,0,0,0,0,0,0,0,0,0,0,0,0,0,0,0,0,0,0,0,0,0,0,0,0,0,0
265.96467,0,0,0,0,0,0,0,0,0,0,0,0,0,0,0,0,0,0,0,0,0,0,0,0,0,0,0,0,0,0
265.96486,0,0,0,0,0,100225.3438,0,0,0,0,0,0,0,0,0,0,0,0,0,0,0,0,0,0,15543.94336,0,0,0,0,0
265.9616,0,0,0,0,0,0,0,0,0,0,0,0,0,0,0,0,0,420061.5008,317005.91,0,0,27215.80001,0,0,0,0,0,0,0,0
265.96093,0,0,0,0,0,0,0,0,0,0,0,0,0,0,0,0,0,0,0,0,0,0,0,0,0,0,0,0,0,0
265.96111,0,0,0,0,0,0,0,0,0,0,0,0,0,0,0,0,0,0,0,0,0,0,0,0,0,0,0,0,0,0
417.04054,0,0,0,0,0,0,0,0,0,0,0,0,0,0,0,0,0,0,0,0,0,0,0,0,0,0,0,0,0,0
265.96346,0,0,0,0,0,0,0,0,0,0,0,0,0,0,0,0,0,0,0,0,0,0,0,15565.82227,0,111800.4424,0,0,0,0
265.96149,0,0,0,0,0,0,0,0,0,0,0,0,0,0,0,0,0,0,0,0,0,0,0,220097.4375,0,0,0,0,0,0
265.96154,0,0,0,0,0,11271.38281,0,0,0,0,0,0,0,0,0,0,0,0,0,0,0,0,0,0,0,0,0,0,0,0
265.96139,0,0,0,0,0,0,0,89600.4248,0,0,0,0,0,0,0,0,0,0,0,0,0,0,0,0,0,0,0,0,0,0
116.04841,16661.46484,26748.39006,29574.3457,3007600.746,0,290088.4492,300285.0068,28563.00977,400766.2101,0,29632.72007,200452.6465,274007.48,27386.28516,32447.69727,0,0,37517.39006,0,340068.5117,32595.98438,262400.832,5510000.359,528700.4531,38764.89453,65111.55469,62623.79688,54913.57813,600998.6002,58546.67969
423.05661,0,0,0,0,0,0,0,0,0,0,0,0,0,0,0,0,0,0,0,0,0,0,0,0,0,0,0,0,0,0
78.95478,0,0,0,0,0,0,0,0,0,0,0,0,0,0,0,22118.18945,0,0,0,0,0,15983.2168,0,0,0,0,0,0,0,0
268.29928,65241.00977,69279.65625,7003009.328,77321.125,8400200.71,91318.28901,65933.78125,58777.10016,64561.53125,100006100.3,855800.6719,69895.39006,600529.7422,64168.39006,49314.42578,148343.5938,126215.7266,1688004.734,132642.4375,118247.789,128841,0,124813.4375,1001323.938,98975.13281,10000216.38,1200227.57,93992.35938,146155.2344,117726.2422
417.04279,0,0,0,0,0,0,0,0,0,0,0,0,0,0,0,0,0,0,0,0,0,0,0,0,0,0,0,0,0,0
423.055,0,0,0,0,0,0,0,0,0,0,0,0,0,0,0,0,0,0,0,0,0,0,0,0,0,0,0,0,0,0
401.07368,0,0,0,0,0,0,0,0,0,0,0,0,0,0,0,0,0,0,0,0,0,0,0,0,0,0,0,0,0,0
423.05585,0,0,0,0,0,0,0,0,0,0,0,0,0,0,0,0,0,0,0,0,0,0,0,0,0,0,0,0,0,0
423.05549,0,0,0,0,0,0,0,0,0,0,0,0,0,0,0,0,0,0,0,0,0,0,0,0,0,0,0,0,0,0
417.03709,0,0,0,0,0,0,0,0,0,0,0,0,0,0,0,0,0,0,0,0,0,0,0,0,0,0,0,0,0,0
401.07388,0,0,0,0,0,0,0,0,0,0,0,0,0,0,0,0,0,0,0,0,0,0,0,0,0,0,0,0,0,0
401.07537,0,0,0,0,0,0,0,0,0,0,0,0,0,0,0,0,0,0,0,0,0,0,0,0,0,0,0,0,0,0
401.07392,0,0,0,95900.20031,0,0,0,0,0,0,0,0,0,0,0,0,0,0,0,0,0,0,0,0,0,0,0,0,0,0
417.03856,0,0,0,0,0,0,0,0,0,0,0,0,0,0,0,0,0,0,0,0,0,0,0,0,0,0,0,0,0,0
401.07262,0,0,0,0,0,0,0,0,13214.374,0,0,0,0,0,0,0,0,0,0,0,0,0,0,0,0,0,0,0,0,0
401.07364,0,0,0,0,9655.262695,0,0,0,0,0,0,0,0,0,0,0,0,0,0,0,0,0,0,0,0,0,0,0,0,0
379.06601,0,0,0,0,0,0,0,0,11889.28125,0,0,0,0,0,0,0,0,0,0,0,0,0,0,0,0,0,125600.7001,0,9139.725586,0
283.2667,0,0,0,80098.6002,0,0,0,0,0,0,0,0,0,0,0,0,0,170087.5273,0,0,0,0,0,0,0,0,0,0,0,0
373.13427,0,0,0,0,0,0,0,0,0,0,0,0,0,0,0,0,0,0,0,0,0,0,0,0,0,0,0,0,0,0
388.39462,54272.65625,529004.6002,584900.9414,600964.6002,760039.0047,49378.14006,590061.6484,51852.42969,44873.63281,611300.8945,59956.3164,52531.0039,500295.371,400953.8789,339007.3901,1300757.266,1008355.006,0,0,95664.52344,1002512.336,0,8003400.273,910041.9922,87597.71875,89862.14006,116842.1484,849005.3828,1007959.758,1001132.7
423.04255,0,0,0,0,0,0,0,0,0,0,0,0,0,0,0,0,0,0,0,0,0,0,0,0,0,0,0,0,0,0
357.08421,0,0,0,0,0,0,0,0,0,0,0,0,0,0,9312.319336,0,0,12864.1377,9658.198242,0,0,0,0,0,0,0,158300.6299,0,0,0
100.07465,0,0,0,0,0,0,0,0,0,0,0,0,0,0,0,0,0,0,0,0,0,0,0,0,0,0,0,0,0,0
432.99081,0,0,0,0,0,0,0,0,0,0,0,0,0,0,0,0,0,0,0,0,0,0,0,0,0,0,0,0,0,0
284.33019,53841.21484,51375.33984,600621.0047,600631.3242,78128.50078,85246.69531,593002.1914,49788.15234,52852.14006,580082.1133,75839.72656,47476.16401,58939.94922,400931.957,411400.8672,91439.46875,74368.48438,0,0,66127.23438,79366.44531,0,610032.16,577900.918,61517.76563,52263.74601,64686.40063,49583.00664,737900.125,560063.3438
86.09562,1002318.516,1245300.523,1007149.758,1140071.375,117979.3984,1629600.516,126425.3672,100600001.4,139896.6875,1001928.8,1146700.617,830046.8901,114737.1328,86939.76563,122516.9453,124117.664,1007357.359,133746.5781,97236.00938,93327.39006,96541.57813,122834.32,14000012.23,1007133.477,79884.19531,1193004.516,157851.8281,1135007.938,1272003.14,132784.9844
439.022,0,0,0,0,0,0,0,0,0,0,0,0,0,0,0,0,0,0,0,0,0,0,0,0,0,0,0,0,0,0
221.97088,0,0,0,0,0,0,0,0,0,0,0,0,0,0,0,0,0,12671.79395,0,0,0,0,0,0,0,0,0,0,0,0
221.97116,0,0,0,0,0,0,0,0,0,0,0,0,0,0,0,0,0,0,0,0,0,0,0,0,0,0,0,0,0,0
221.97051,0,0,0,0,0,0,0,0,0,0,0,0,0,0,0,0,0,0,0,0,0,0,0,0,0,0,0,0,0,0
116.04839,14586.81738,21823.63867,1830000.005,200456.9375,200178.501,18253.58398,19345.97007,229100.8691,35171.52344,17611.40063,27452.10094,148009.9912,240091.3184,19442.00488,25116.60094,246003.0035,18364.21484,21786.49219,22000000.19,200436.4668,22853.78125,200624.455,39164.74601,36619.83594,28426.38867,43952.89844,51182.55859,380018.7656,45145.0043,434008.2813
364.24378,0,0,0,0,0,0,0,0,0,0,0,0,0,0,0,0,0,0,0,0,0,0,0,0,0,0,0,0,0,0
265.17522,0,0,0,0,0,0,0,0,0,0,0,0,0,0,0,0,0,0,0,0,0,0,0,0,0,0,0,0,0,0
188.03365,0,0,0,0,0,0,0,0,0,0,0,0,0,0,0,0,0,0,0,0,0,0,0,0,0,0,100467.6701,0,0,0
628.06325,0,0,0,0,0,0,0,0,0,0,0,0,0,0,0,0,0,0,0,0,0,0,0,0,0,0,0,0,0,0
439.02257,0,0,0,0,0,0,0,0,0,0,0,0,0,0,0,0,0,0,0,0,0,0,0,0,0,0,0,0,0,0
628.06266,0,0,0,0,0,0,0,0,0,0,0,0,0,0,0,0,0,0,0,0,0,0,0,0,0,0,0,0,0,0
94.92866,45659.99219,0,47683.71875,0,5008004.01,59511.87101,500113.3477,58998.125,57767.28125,65159.00313,560071.7617,0,63971.39844,58124.59766,600197.1328,62932.64844,0,79668.46009,6004006.875,0,0,0,0,1006889.43,0,840013.8438,0,73959.00234,1100549.21,0
628.06435,0,0,0,0,0,0,0,0,0,0,0,0,0,0,0,0,0,0,0,0,0,0,0,0,0,0,0,0,0,0
628.06548,0,0,0,0,0,0,0,0,0,0,0,0,0,0,0,0,0,0,0,0,0,0,0,0,0,0,0,0,0,0
439.02341,0,0,0,0,0,0,0,0,0,0,0,0,0,0,0,0,0,0,0,0,0,0,0,0,0,0,0,0,0,0
628.06014,0,0,0,0,0,0,0,0,0,0,0,0,0,0,0,0,0,0,0,0,0,0,0,0,0,0,0,0,0,0
628.06099,0,0,0,0,0,0,0,0,0,0,0,0,0,0,0,0,0,0,0,0,0,0,0,0,0,0,0,0,0,0
303.91651,0,0,0,17625.64844,0,260025.0014,21172.875,0,0,21964.15625,0,318800.3574,0,23176.83594,19347.92773,0,31148.33594,0,23861.7832,25576.47852,0,390046.9002,575001.0059,72164.20031,641600.6953,36727.14006,57826.26953,37915.48438,72939.00008,37586.00156
192.12236,0,0,0,0,0,0,0,0,0,0,0,0,0,0,0,0,0,23838.55008,0,0,0,188100.5254,0,0,0,0,28611.4746,24868.71289,0,0
342.15232,0,0,0,0,0,0,18982.2832,0,0,0,0,0,0,0,0,0,0,0,0,0,0,0,0,0,0,0,0,0,0,0
271.96946,0,0,0,0,0,0,0,0,0,0,0,0,0,0,0,0,13851.45601,215003.7578,0,0,0,1540000.518,0,0,0,0,0,0,0,0
379.06651,0,0,0,0,0,0,0,0,0,0,0,0,0,0,0,13197.64844,0,0,0,0,0,0,0,0,0,0,0,0,0,0
271.96973,0,8362.416002,0,0,0,0,0,0,0,0,0,0,0,0,0,0,0,0,0,0,0,0,0,0,0,0,0,0,0,0
688.00087,0,0,0,0,0,0,0,0,0,0,0,0,0,0,0,0,0,0,0,0,0,0,0,0,0,0,0,0,0,0
439.02144,0,19895.30066,0,14512.17188,0,0,0,18983.1543,23753.28516,18468.54492,19676.96875,21163.61328,24141.76367,18396.00996,0,26312.4,200648.006,319500.7009,24691.26367,21552.21484,22694.86133,0,0,25315.75195,19548.5332,260069.7598,370027.8867,2009001.283,25669.2168,29419.62101
351.05005,0,0,0,0,0,0,0,0,0,0,0,0,0,0,0,0,0,0,0,0,0,0,0,0,0,0,0,0,0,0
124.9989,85117.82003,978004.6953,79312.44531,81111.40063,99753.72656,114644.6875,83752.625,71737.33594,1004782.601,622005.7383,84289.94531,63674.57422,800525.6719,6100004.559,84356.19531,89724.55469,72166.17969,10070021.71,62264.28901,69478.875,700356.0055,10030037.58,94962.21009,870034.7734,700749.1401,93958.59375,9001100.313,830052.2344,85515.34375,95192.85938
118.08554,0,0,0,0,0,0,0,0,0,0,0,0,0,0,0,2400009.643,23354.007,17657.4121,24541.69531,22798.67773,193800.543,14684.55957,22911.29688,226007.7734,24833.68945,23796.832,21146.33984,300441.4355,17686.69531,271004.7148
461.01049,0,0,0,0,0,0,0,0,0,0,0,0,0,0,0,0,0,0,0,0,0,0,0,0,0,0,0,0,0,0
461.0131,0,0,0,0,0,0,0,0,0,0,0,0,0,0,0,0,0,15334.60001,12682.79395,0,0,0,0,0,0,0,0,0,210077.793,0
461.0118,0,0,0,0,0,0,0,0,0,0,0,0,0,0,0,0,0,0,0,0,0,0,0,0,0,0,0,0,0,0
461.01185,0,0,0,0,0,0,0,0,0,0,0,0,0,0,0,0,0,0,0,0,0,0,0,0,0,0,0,0,0,0
461.0122,0,0,0,0,0,0,0,0,0,0,0,0,0,0,0,0,0,0,0,0,0,0,0,0,0,0,0,0,0,0
461.01267,0,0,0,0,0,0,0,0,0,0,0,0,0,0,0,0,0,0,0,0,0,0,0,0,0,0,0,0,0,0
461.01191,0,0,0,0,0,0,0,0,0,0,0,0,0,0,0,0,0,0,0,0,0,0,0,0,0,0,0,0,0,0
257.14598,0,0,0,0,0,0,0,0,0,0,0,0,0,0,0,3008800.557,295700.584,29883.30001,21281.23005,23271.41797,215400.9844,21199.29688,26692.457,3200004.842,35446.65625,45859.23438,43342.51953,4000047,32285.00645,49549.21009
379.06637,0,0,0,0,0,0,0,0,0,0,0,0,0,0,0,0,0,0,0,0,0,0,0,0,0,0,0,0,0,0
379.06573,0,0,0,0,0,0,0,0,0,0,0,0,0,0,0,0,0,0,0,0,0,0,0,0,0,0,0,0,0,0
379.06621,0,0,0,0,0,0,0,0,0,0,0,0,0,0,0,0,0,0,0,0,0,0,0,0,0,0,0,0,0,0
190.0493,0,0,0,0,0,0,0,0,0,0,0,0,0,0,0,0,0,0,0,0,0,0,0,0,0,0,0,0,0,0
130.06443,49867.67188,498300.293,500591.0031,6000065.125,58264.00117,51586.90063,45797.22266,443006.2227,58115.76563,5200100.871,52654.64006,4007003.007,5870000.633,36289.64006,52366.51172,47861.23005,58752.21875,500359.5859,41175.63672,450075.8359,49752.54688,56569.29688,883700.5547,78389.89844,74148.25781,1000000300,91354.71009,79246.375,1008496.007,8990000.523
304.1704,0,0,0,0,0,0,0,0,0,0,0,0,0,0,0,0,0,0,0,0,0,0,0,0,0,136900.1738,16751.86328,0,0,16654.65625
209.11777,0,0,0,0,0,0,0,0,0,0,0,0,0,0,0,0,0,0,0,0,0,0,0,0,0,1500002.747,0,0,0,0
131.04843,13589.55371,220082.2324,253008.127,24211.77344,26216.24219,17951.873,200492.99,225009.5898,26888.58594,180071.2539,280072.871,170055.8438,24414.0082,163007.7314,22441.873,28482.22007,263004.5625,367008.4688,29642.31836,300537.3867,34981.42188,181006.9277,310016.6009,343007.3828,270063,400524.002,435700.6914,33783.2539,35328.11719,39381.625
433.01118,0,0,0,0,0,0,0,0,0,0,0,0,0,0,0,0,0,0,0,0,0,0,0,0,0,0,0,0,0,0
243.95348,0,135900.2501,0,0,0,13213.2168,12276.88477,0,0,13571.56152,122005.4316,19192.45117,11847.68555,0,0,11453.38009,0,0,0,0,0,0,0,17599.0082,0,0,13813.74121,0,17774.66797,150068.4229
441.01457,0,0,0,0,0,0,0,0,15259.36816,0,9648.70041,0,0,0,0,0,0,0,0,0,0,0,0,0,0,0,13252.39648,0,0,0
369.31188,400831.5501,700614.9601,68485.5,93794.78125,712004.4006,36833.46009,68457.75781,579400.8477,95635.25,35181.1875,630049.3,44641.23438,691200.6563,46153.50039,816004.5313,87939.75781,71575,693003.7188,78179.78125,74822.25,74682.74219,34256.53901,427300.2852,795003.9453,69675.75781,141494.7344,13490000.19,89961.6875,83931.00625,141463.8594
373.03184,0,0,0,0,0,0,0,0,0,0,0,0,0,0,0,0,0,0,0,0,0,0,0,0,0,0,0,0,0,0
470.96747,0,0,0,0,0,0,0,0,0,0,0,0,0,0,0,0,0,0,0,0,0,0,0,0,0,0,0,0,0,0
188.14613,0,0,0,0,0,0,0,0,0,0,0,0,0,0,0,0,0,0,0,0,0,0,0,0,0,0,0,0,0,0
457.03127,0,0,0,0,0,0,0,0,0,0,0,0,0,0,0,0,0,0,0,0,0,0,0,0,0,0,0,0,0,0
320.1711,0,0,0,0,0,0,0,0,0,0,0,0,121008.9199,0,0,0,0,0,267005.7188,0,0,0,0,25456.7793,18221.00918,0,0,23919.36133,24974.94922,0
492.95182,0,0,0,0,0,0,0,0,0,0,0,0,0,0,0,0,0,0,0,0,0,0,0,0,0,0,0,0,0,0
243.95363,0,0,0,0,0,0,0,0,0,0,0,0,0,0,0,0,0,0,0,0,0,25571.96289,0,0,0,0,0,0,0,0
243.95319,0,0,0,0,0,0,0,0,0,0,0,0,0,0,0,0,0,14273.14648,0,0,0,0,0,0,0,0,0,0,0,0
634.06889,0,0,0,0,0,0,0,0,0,0,0,0,0,0,0,0,0,0,0,0,0,0,0,0,0,0,0,0,0,0
196.14351,0,0,0,0,0,0,0,0,0,0,0,0,0,0,0,0,0,0,0,0,0,0,0,0,0,0,0,0,0,0
357.08877,0,0,0,0,0,0,0,0,0,0,0,0,0,0,0,0,0,0,0,0,0,0,0,0,0,0,0,0,0,0
476.98575,0,0,0,0,0,0,0,0,0,0,0,0,0,0,0,0,0,0,0,0,0,0,0,0,0,0,0,0,0,0
488.97724,0,0,0,0,0,0,0,0,0,0,0,0,0,0,0,0,0,0,0,0,0,0,0,0,0,0,0,0,0,0
476.98726,0,0,0,0,0,0,0,0,0,0,0,0,0,0,0,0,0,47984.332,290061.9,0,350075.9006,285500.0059,0,0,0,0,0,0,0,0
476.98643,0,0,0,0,0,0,0,0,0,0,0,0,0,0,0,0,0,0,0,0,0,0,0,0,0,0,0,0,0,0
476.98567,0,0,0,0,0,0,0,0,0,0,0,0,0,0,0,0,0,0,0,0,0,0,0,0,0,0,0,0,0,0
278.10031,0,0,13329.2998,113800.543,0,0,0,0,16866.70031,0,0,0,0,0,15135.00127,13612.45215,0,167007.8965,12881.83594,0,0,0,13948.75,0,13254.35006,0,22821.38672,0,16235.416,0
476.98496,0,0,0,0,0,0,0,0,0,0,0,0,0,0,0,0,0,0,0,0,0,0,0,0,0,0,0,0,0,0
476.98557,0,0,0,0,0,0,0,0,0,0,0,0,0,0,0,0,0,0,0,0,0,0,0,0,0,0,0,0,0,0
476.98586,0,0,0,0,0,0,0,0,0,0,0,0,0,0,0,0,0,0,0,0,0,0,0,0,0,0,0,0,0,0
476.98571,0,0,0,0,0,0,0,0,0,0,0,0,0,0,0,0,0,0,0,0,0,0,0,0,0,0,0,0,0,0
476.98598,0,0,0,0,0,0,0,0,0,0,0,0,0,0,0,0,0,0,0,0,0,0,0,0,0,0,0,0,0,0
476.98489,0,0,0,0,0,0,0,0,0,0,0,0,0,0,0,0,0,0,0,0,0,0,0,0,0,0,0,0,0,0
349.98921,0,0,0,0,0,0,0,0,0,0,0,0,0,0,0,0,0,0,0,0,0,0,0,0,0,0,0,0,0,0
295.15232,0,0,0,0,14729.28901,0,0,13694.27539,0,0,0,0,0,0,0,0,0,0,0,0,0,0,0,0,0,0,0,0,0,0
476.98613,0,0,0,26488.5996,0,0,0,0,0,0,0,0,0,0,0,0,0,0,0,0,0,0,0,0,0,0,0,0,0,0
476.98669,0,0,0,0,0,0,0,0,0,0,0,0,0,0,0,0,0,0,0,0,0,0,0,0,12681.68262,0,0,0,0,0
476.98627,0,0,0,0,0,0,0,0,0,0,0,0,0,0,0,0,9142.348633,0,0,0,0,0,0,0,0,0,0,0,0,0
510.96107,0,0,0,0,0,0,0,0,0,0,0,0,0,0,0,0,0,0,0,0,0,0,0,0,0,0,0,0,0,0
391.05935,0,0,0,0,0,0,0,0,0,0,0,0,0,0,0,0,0,0,0,0,0,0,0,0,0,0,0,0,0,0
62.98065,0,0,0,0,0,0,0,0,0,0,0,0,0,0,0,0,0,0,0,0,0,0,0,0,0,0,0,0,0,0
115.05366,34482.96009,300496.959,38279.45313,37261.27344,41355.51953,552005.0016,47326.23438,28796.27734,300576.6401,33313.625,48299.82813,26388.99414,29194.89453,28662.248,200726.0055,53951.00547,61964.83984,600968.98,5590000.477,51346.11328,531100,482008.4531,420029.7422,326400.457,36598.71484,400529.9727,33562.35938,39596.93359,55374.71484,36789.10094
681.9914,0,0,0,0,0,0,0,0,0,0,0,0,0,0,0,0,0,0,0,0,0,0,0,0,0,0,0,0,0,0
365.27786,0,0,0,0,0,0,0,0,0,0,0,0,0,0,0,0,0,0,0,0,0,0,0,0,0,0,0,0,0,0
650.04555,0,0,0,0,0,0,0,0,0,0,0,0,0,0,0,0,0,0,0,0,0,0,0,0,0,0,0,0,0,0
116.06989,0,8845.430066,89007.00723,0,0,0,0,0,0,0,0,0,0,0,0,29248.33789,33131.97266,300147.2188,375100.8398,290099.9355,32935.59766,15166.00313,17773.22852,34529.17969,24437.65625,35355.832,330041.9601,280027.82,26561.3125,320026.3652
344.217,0,0,0,0,0,0,0,0,0,0,0,0,0,0,0,0,0,0,0,0,0,0,0,0,0,0,0,0,0,0
301.12246,0,0,0,0,0,0,0,0,0,0,0,0,0,0,200457.3516,0,0,0,0,0,0,0,0,0,0,0,0,0,0,0
317.09954,0,0,0,0,0,0,0,0,0,0,0,0,0,0,0,0,0,0,0,0,0,0,0,0,0,0,0,0,0,0
391.05917,0,0,0,0,0,0,0,0,0,0,0,0,0,0,0,0,0,0,0,0,0,0,0,0,0,0,0,0,0,0
360.36283,0,0,0,0,0,0,0,0,9006800.96,0,0,0,0,0,0,161342.2656,138559.0016,20029005.95,185387.9531,147955.8594,1513003.734,0,0,0,116331.7422,0,0,0,0,0
360.36359,0,0,0,0,0,0,0,0,0,64127.52344,0,0,0,500412.9688,0,0,0,0,0,0,0,0,736004.0023,0,85115.39844,72939.60094,0,850096.9531,89853.00469,0
650.0469,0,0,0,0,0,0,0,0,0,0,0,0,0,0,0,0,0,0,0,0,0,0,0,0,0,0,0,0,0,0
457.03156,0,0,0,0,0,0,0,0,0,0,0,0,0,0,0,0,0,0,0,0,0,0,0,0,0,0,0,0,0,0
650.0446,0,0,0,0,0,0,0,0,0,0,0,0,0,0,0,0,0,0,0,0,0,0,0,0,0,0,0,0,0,0
457.03212,0,0,0,0,0,0,0,0,0,0,0,0,0,0,0,0,0,0,0,0,0,0,0,0,0,0,0,0,0,0
323.95345,0,0,0,0,0,0,0,0,0,0,0,0,0,0,0,0,0,0,0,0,0,0,0,0,0,0,0,0,0,0
318.08482,0,0,0,0,0,0,0,0,0,0,0,0,0,0,0,0,0,0,0,0,0,0,0,0,0,0,0,0,0,0
158.09171,0,0,0,0,0,0,0,0,0,0,0,0,0,0,0,27611.63672,25789.19336,28735.82617,25764.35938,200832.5352,230092.7009,0,0,26727.54688,21483.13281,3000023.447,32634.23633,26925.88281,0,24315.93359
96.9268,16217.791,0,189400.7007,13671.67871,18398.77734,1900700.701,17484.56836,200849.8281,23224.14006,19143.33984,161005.7998,25176.3496,23465.28516,225001.4601,262800.791,214400.9785,240046.955,24742.13867,8344.625,17272.32422,17712.67773,0,28771.30001,35743.00625,38428.11328,31299.98438,37165.125,28729.48633,180046.1563,29498.32227
304.2995,0,19848.22656,0,0,296002.498,0,24845.58594,0,0,0,300838.2715,0,0,0,0,0,0,0,0,0,0,4335800.875,0,0,0,0,0,0,0,0
650.04623,0,0,0,0,0,0,0,0,0,0,0,0,0,0,0,0,0,0,0,0,0,0,0,0,0,0,0,0,0,0
336.23767,0,0,0,0,0,0,0,0,0,0,0,0,0,0,0,0,0,0,0,0,0,0,0,0,0,0,0,0,0,0
650.04643,0,0,0,0,0,0,0,0,0,0,0,0,0,0,0,0,0,0,0,0,0,0,0,0,0,0,0,0,0,0
650.04512,0,0,0,0,0,0,0,0,0,0,0,0,0,0,0,0,0,0,0,0,0,0,0,0,0,0,0,0,0,0
457.0316,0,0,0,0,0,0,0,0,0,0,0,0,0,0,0,0,0,0,0,0,0,0,0,0,0,0,0,0,0,0
391.05929,0,0,0,0,0,0,0,0,0,0,0,0,0,0,0,0,0,0,0,0,0,0,0,0,0,0,0,0,0,0
255.99415,0,0,0,0,0,0,0,0,0,0,0,0,0,0,0,0,0,0,0,0,0,0,0,0,0,0,0,0,0,0
417.0157,0,0,0,0,0,0,0,0,0,0,0,0,0,0,0,0,0,0,0,0,0,0,0,0,0,0,0,0,0,0
321.22099,0,0,0,0,14275.35449,0,0,0,17555.64453,0,0,0,14427.79492,0,11426.35352,0,0,0,16887.25586,0,0,0,0,0,0,2004400.123,21281.47656,195800.2578,0,21449.89006
457.03338,0,0,0,0,0,0,0,0,0,0,0,0,0,0,0,0,0,0,0,0,0,0,0,0,0,0,0,0,0,0
457.03227,0,0,0,0,0,0,0,0,0,0,0,0,0,0,0,0,0,0,0,0,0,0,0,0,0,0,0,0,0,0
89.03749,0,0,0,0,0,0,0,0,0,0,0,0,0,0,0,0,0,0,0,0,0,0,110051.004,0,0,0,0,80074.50039,100946.0027,0
232.14574,0,0,0,0,0,0,0,0,0,0,0,0,0,0,0,0,0,0,0,0,0,0,0,0,0,0,0,0,0,0
197.15151,0,0,0,0,0,0,0,0,0,0,0,0,0,0,0,0,0,0,0,0,0,0,0,0,0,0,0,0,0,0
312.36247,19944.1543,2001003.91,200135.2949,21464.67188,2500001.723,29338.31005,18979.46484,15949.0081,0,200185.4688,200649.0001,160052.0037,18583.00501,0,145800.582,350081.2148,0,0,0,0,0,0,186500.4,243300.0001,2009900.006,200239.6895,27726.48005,196500.6621,27116.25586,21392.2832
277.93729,0,0,0,0,0,0,0,0,0,0,0,0,100932.2656,0,0,0,0,200361.2715,15246.45601,0,0,21496.89844,280095.7969,0,200842.1758,0,200148.0049,0,24396.00762,158009.8418
325.16497,0,0,0,0,0,0,0,0,0,0,0,0,0,0,0,0,0,0,0,0,0,0,0,0,0,0,0,0,0,0
417.04862,0,0,0,0,0,0,0,0,0,0,0,0,0,0,0,0,0,0,0,12553.44824,0,0,9951.896484,0,0,0,0,15345.00293,0,0
417.04708,0,0,0,0,0,0,0,0,0,0,0,0,0,0,0,0,0,0,0,0,0,0,0,0,0,0,0,0,0,0
417.04753,0,0,0,0,0,0,0,0,12124.3291,0,0,0,0,0,0,0,0,0,0,0,0,0,0,0,0,0,0,0,0,0
417.04979,0,0,0,0,0,0,0,0,0,0,0,0,0,0,0,0,0,0,0,0,0,0,0,0,0,0,0,0,0,0
417.04839,0,0,0,0,0,0,0,0,0,0,0,0,0,0,0,0,12569.3955,15774.00576,0,0,0,0,0,0,0,0,0,0,0,0
417.04814,0,0,0,0,0,0,0,0,0,0,0,0,0,0,0,0,0,0,0,0,0,0,0,0,0,0,0,0,0,0
433.01074,0,0,0,0,0,0,0,0,0,0,0,0,0,0,0,0,0,0,0,0,0,0,0,0,0,0,0,0,0,0
417.0483,0,0,0,0,0,0,0,0,0,0,0,0,0,0,0,0,0,0,0,0,0,0,0,1960000.621,0,0,0,0,0,0
417.04714,0,0,0,0,0,0,0,0,0,0,0,0,0,0,0,0,0,0,0,0,0,0,0,0,0,0,0,0,0,0
110.0588,0,0,0,0,0,0,0,0,0,0,0,0,0,0,0,0,0,0,0,0,0,0,0,0,0,0,0,0,0,0
433.01139,0,0,0,0,0,0,0,0,0,0,0,0,0,0,0,0,0,0,0,0,0,0,0,0,0,0,0,0,0,0
230.19299,0,0,0,0,0,0,0,0,0,0,0,0,0,0,0,0,0,0,0,0,0,0,0,0,0,0,0,0,0,0
388.39339,12474.00674,14539.00371,0,12174.5371,18665.00273,14995.1123,0,100378.4297,0,134900.4727,157100.376,0,0,0,0,240043.7988,0,22914.6914,95652.69531,18189.79297,200991.3101,62368.98828,2000078.512,0,0,17982.54492,200431.3691,0,25488.32813,19313.89453
550.62865,15486.63574,13344.00342,0,16319.72363,17913.44531,0,0,0,0,0,0,0,0,0,0,39728.3789,255001.2559,400681.4297,0,0,0,14613.92285,0,16458.8418,13118.81543,26597.78125,25726.00002,13347.72949,18746.83,0
289.97063,0,0,0,0,0,0,0,0,0,0,0,0,0,0,0,0,0,0,0,0,0,0,0,0,0,0,0,0,0,0
257.10003,0,0,0,0,0,0,0,0,0,0,0,0,0,0,0,0,0,0,0,0,0,0,0,0,0,0,0,0,0,0
269.98131,0,0,0,0,0,0,0,0,0,0,0,0,0,0,0,0,0,0,0,0,0,0,0,0,0,0,0,0,0,0
147.04319,0,0,137001.9668,0,15186.35547,0,11929.55008,12839.60001,19563.97852,0,16752.61914,9716.86914,1800400.598,0,16594.73828,0,17774.51953,0,0,14312.00156,13924.45501,0,138007.5127,14422.69336,0,163005.372,17265.46009,19945.23005,17693.64006,17555.96009
240.23187,0,0,0,0,13169.28516,0,0,0,0,0,0,0,0,0,0,246004.7009,0,0,0,0,0,0,13854.30086,0,0,0,0,0,0,0
156.04335,0,0,0,0,0,0,0,0,0,0,0,0,0,0,0,0,0,0,0,0,0,0,0,0,0,0,0,0,0,0
439.0186,0,0,0,0,0,0,0,0,0,0,0,0,0,0,0,0,0,0,0,0,0,0,0,0,0,0,0,0,0,0
439.02129,0,0,0,0,0,0,0,0,0,0,0,0,0,0,0,0,0,0,0,0,0,0,0,0,0,0,0,0,0,0
439.0213,0,0,0,0,0,0,0,0,0,0,0,0,0,0,0,0,0,0,0,0,0,0,0,0,0,0,0,0,0,0
367.02491,0,0,0,0,0,0,0,0,0,0,0,0,0,0,0,69261.86719,0,89666.0039,0,0,592300.3901,5004002.914,0,0,0,0,0,0,0,0
210.09141,0,0,0,0,0,0,0,0,0,0,13764.5957,8139.996582,0,0,0,0,0,0,0,0,0,0,0,0,0,0,0,0,0,0
454.99477,0,0,0,0,0,0,0,0,0,0,0,0,0,0,0,0,0,0,0,0,0,0,0,0,0,0,0,0,0,0
439.01992,0,0,0,0,0,0,0,0,0,0,0,0,0,0,0,0,0,0,0,0,0,0,0,0,0,0,0,0,0,0
418.25515,0,0,0,0,0,0,0,0,0,0,0,0,0,0,0,0,0,0,0,0,0,0,0,0,0,0,0,0,0,0
241.07798,0,0,0,0,0,0,0,0,0,0,0,0,0,0,0,0,0,0,0,0,0,0,0,0,0,0,0,0,0,0
272.19784,0,0,0,0,0,0,0,0,0,0,0,0,0,0,0,0,0,0,0,0,0,0,0,0,0,0,0,0,0,0
367.02408,0,0,0,0,0,0,0,0,0,0,0,0,0,0,0,0,0,0,0,0,0,0,0,0,24499.90043,0,0,0,0,0
267.98937,0,0,0,0,0,0,0,0,0,0,0,0,0,0,0,0,0,0,0,0,0,0,0,0,0,0,0,0,0,0
270.18127,0,0,0,0,0,0,0,0,0,0,0,0,0,0,0,0,0,0,0,0,0,0,0,0,0,0,0,0,0,0
270.12955,0,0,0,0,0,0,0,0,0,0,0,0,0,0,0,0,0,0,0,0,0,0,0,0,0,0,0,0,0,0
282.27889,0,0,0,18727.17773,0,0,0,150043.8877,0,0,13631.00901,0,19155.26367,15399.0084,19239.00293,0,22413.14006,0,0,199007.4701,0,0,0,0,23214.14258,0,0,0,0,0
369.24928,0,0,0,0,0,0,0,0,0,0,0,0,0,0,0,0,0,0,0,0,0,0,0,0,0,0,0,0,0,0
323.12273,0,0,0,0,0,0,0,0,0,0,0,0,0,0,0,0,0,0,0,0,0,0,0,0,0,0,0,0,0,2200900.814
203.17636,0,0,0,0,0,0,0,0,0,0,0,0,0,0,0,0,0,0,0,0,0,0,0,0,0,0,0,0,0,0
314.20646,0,0,0,0,0,0,0,0,0,0,0,0,0,0,0,0,0,0,0,0,0,0,0,0,0,0,0,0,0,0
257.19702,0,0,0,0,0,0,0,0,0,0,0,0,0,0,0,0,0,0,0,0,0,0,0,0,0,0,0,0,0,0
246.00559,0,0,0,0,0,0,0,0,0,0,0,0,0,0,0,0,0,0,0,0,0,0,0,0,0,0,0,0,0,0
368.42481,0,0,0,0,0,0,0,0,0,0,0,0,0,0,0,49797.64453,48267.00352,7000069.75,400149.5313,4002900.457,43948.14844,29848.007,0,0,0,0,0,0,0,0
367.02092,0,0,0,0,0,0,0,0,0,0,0,0,0,0,0,0,0,0,0,0,0,0,0,0,0,0,0,0,0,0
606.07527,0,0,0,0,0,0,0,0,0,0,0,0,0,0,0,0,0,0,0,0,0,0,0,0,0,0,0,0,0,0
327.07356,0,0,0,0,0,0,0,0,0,0,0,0,0,0,0,0,0,0,0,0,0,0,0,0,0,0,0,0,0,0
156.04348,0,0,0,0,0,0,0,0,8911.77539,0,0,0,0,0,0,0,0,0,0,0,0,0,0,0,0,0,0,0,0,8433.974601
289.1067,0,0,0,0,8669.00625,0,0,0,0,0,0,0,0,0,0,0,0,0,0,0,0,0,0,0,0,0,0,0,0,0
316.18639,0,0,0,0,0,0,0,0,0,0,0,0,0,0,0,0,0,0,0,0,0,0,0,0,0,0,0,0,0,0
268.26277,0,0,0,0,0,0,0,0,0,0,0,0,0,0,0,26464.14844,21941.61328,267100.4941,0,21854.666,2300007.322,0,0,0,0,0,0,0,0,0
495.32566,0,100983.1396,0,0,0,0,0,0,0,0,0,0,13185.00601,0,0,190069.7005,0,180059.4375,0,13556.72852,0,0,21378.73828,16944.3789,16668.00898,1800006.324,26472.89844,1610000.479,258600.2559,200649.9824
233.04043,0,0,0,0,6226.625488,0,0,0,0,0,0,0,0,0,0,0,0,9332.232422,0,0,0,0,0,0,0,0,0,0,0,0
426.20894,0,0,0,0,0,0,0,0,0,0,0,0,0,0,0,0,0,0,0,0,0,0,0,0,0,0,0,0,0,0
494.56583,0,0,0,140066.499,0,0,0,0,0,0,0,0,0,0,0,19517.85938,0,15695.6416,0,0,0,0,0,191900.3594,13264.64746,27142.39006,2680000.003,0,19365.76367,212002.6002
297.21972,0,0,0,0,0,0,0,0,0,0,0,0,0,0,0,0,0,0,0,0,0,0,0,0,0,0,0,0,0,0
227.13885,0,0,0,0,0,0,0,0,0,0,0,0,0,0,0,0,0,0,0,0,0,0,0,0,0,0,0,0,0,0
248.23233,0,0,0,0,0,0,0,0,0,0,0,0,0,0,0,0,0,0,0,0,0,0,0,0,0,0,0,0,0,0
367.02383,0,0,0,0,0,0,0,0,0,0,0,0,0,0,0,0,0,0,0,0,0,0,0,0,0,0,0,0,0,0
367.02498,0,0,0,0,0,0,0,0,0,0,0,0,0,0,0,0,0,0,0,0,0,0,0,0,0,0,0,0,0,0
367.02335,0,0,0,0,0,0,0,0,0,0,0,0,0,0,0,0,0,0,0,0,0,0,0,0,0,0,0,0,0,0
367.02422,0,0,0,0,0,0,0,0,0,0,0,0,0,0,0,0,0,0,0,0,0,0,0,0,0,0,0,0,0,0
367.02495,0,0,0,0,0,0,0,0,0,0,0,0,0,0,0,0,0,0,0,0,0,0,0,0,0,0,0,0,0,0
367.0243,0,0,0,0,0,0,0,0,0,0,0,0,0,0,0,0,0,0,0,0,0,0,0,0,0,0,0,0,0,0
250.21578,0,0,0,0,0,0,0,0,0,0,0,0,0,0,0,0,0,0,0,0,0,0,0,0,0,0,0,0,0,0
443.23131,0,0,0,0,0,0,0,0,0,0,0,0,0,0,0,0,0,0,0,0,0,0,0,0,0,0,0,0,0,0
240.26813,13225.30076,16284.36523,1240000.5,14336.2009,0,0,0,0,0,13292.16797,17417.00215,0,0,0,0,17486.44531,14848.40072,246400.4002,12846.96387,19353.95117,0,15868.5459,0,0,0,0,0,12263.75488,171600.3125,0
331.17126,0,0,0,0,0,0,0,0,0,0,0,0,0,0,0,0,0,0,0,0,0,0,0,0,0,0,0,0,0,0
89.03755,0,0,0,0,0,0,0,0,0,0,0,0,0,0,7293.121009,0,0,0,0,0,0,0,0,0,0,0,0,0,0,99400.00771
230.04136,0,0,0,0,0,0,0,0,0,0,0,0,0,0,0,0,0,0,0,0,0,0,0,0,0,0,0,0,0,0
258.14606,0,0,0,0,0,0,0,0,0,0,0,0,0,0,0,0,0,0,0,0,0,0,0,0,0,0,0,0,0,0
357.14794,0,0,0,0,0,0,0,0,0,0,0,0,0,0,0,0,0,0,0,0,0,0,0,0,0,0,0,0,0,0
399.99774,0,0,0,0,0,0,0,0,0,0,0,0,0,0,0,0,0,0,0,0,0,0,0,0,0,0,0,0,0,0
196.14324,0,0,0,0,0,0,0,0,0,0,0,0,0,0,0,0,0,0,0,0,0,0,0,0,0,0,0,0,0,0
672.03285,0,0,0,0,0,0,0,0,0,0,0,0,0,0,0,0,0,0,0,0,0,0,0,0,0,0,0,0,0,0
187.11047,0,0,0,0,0,0,0,0,0,0,0,0,0,0,0,0,0,0,0,0,0,4767.838379,0,0,0,0,0,0,0,0
361.07958,0,0,0,0,0,0,0,0,0,0,0,0,0,0,0,0,0,0,0,0,0,0,0,0,0,0,0,0,0,0
361.07773,0,0,0,0,0,0,0,0,0,0,0,0,0,0,0,0,0,0,0,0,0,0,0,0,0,0,0,0,0,0
385.01783,0,0,0,0,0,0,0,0,0,0,0,0,0,0,0,0,0,0,0,0,0,0,0,0,0,0,0,0,0,0
342.20169,0,0,0,0,0,0,0,0,0,0,0,0,0,0,0,0,0,0,0,0,0,0,0,0,0,0,0,0,0,0
340.39334,0,12844.22852,0,11412.7501,1540000.972,14317.00869,0,0,0,0,0,0,0,0,0,183006.4863,0,248400.3516,15326.40053,15486.97168,0,0,0,121300.7988,0,0,0,0,168004.5006,0
236.16379,0,0,0,0,0,0,0,0,0,0,0,0,0,0,0,0,0,0,0,0,0,0,0,0,0,0,0,0,0,0
403.11138,0,0,0,0,0,0,0,0,0,0,0,0,0,0,0,0,0,0,0,0,0,0,0,0,0,0,0,0,0,0
273.1447,0,0,0,0,0,0,0,0,0,0,0,0,0,0,0,0,0,0,0,0,0,0,0,0,0,0,0,0,0,0
403.11028,0,0,0,0,0,0,0,0,0,0,0,0,0,0,0,0,0,79688.95313,59377.71875,0,0,49115.625,0,0,0,0,0,0,0,0
559.38032,0,0,0,0,0,0,0,0,0,0,0,0,0,0,0,0,0,0,0,0,0,0,0,0,0,0,0,0,0,0
411.0155,0,0,0,0,0,0,0,0,0,0,0,0,0,0,0,0,0,0,0,0,0,0,22968.93555,0,0,0,0,0,0,0
368.42519,0,0,0,0,0,0,0,0,0,0,0,0,0,0,0,0,0,0,0,0,0,0,0,0,0,0,0,0,0,0
405.27072,0,0,0,0,0,0,0,0,0,0,0,0,0,0,0,0,0,0,0,0,0,0,0,0,0,0,0,0,0,0
411.01458,0,0,0,0,0,16469.73005,0,0,0,0,0,0,0,0,0,0,0,0,0,0,0,0,0,0,0,0,0,0,0,0
411.01448,0,16266.45215,0,0,0,0,0,0,0,0,0,0,0,0,0,0,0,0,0,0,0,0,0,0,0,0,0,0,0,0
349.16391,0,0,0,0,0,0,0,0,0,0,0,0,0,0,0,0,0,0,0,0,0,0,0,0,0,0,0,0,0,0
242.18694,0,0,0,0,0,0,0,0,0,0,0,0,0,0,0,0,0,0,0,0,0,0,0,0,0,0,0,0,0,0
349.18261,0,0,0,0,0,0,0,0,0,0,0,0,0,0,0,0,0,0,0,0,0,0,0,0,0,0,0,0,0,0
126.09019,0,0,0,0,0,0,0,0,0,0,0,0,0,0,0,0,0,0,0,0,0,0,0,0,0,0,0,0,0,0
656.06288,0,0,0,0,0,0,0,0,0,0,0,0,0,0,0,0,0,0,0,0,0,0,0,0,0,0,0,0,0,0
360.3621,0,0,0,0,0,676005.6401,0,0,0,64184.71875,0,0,0,0,0,0,0,0,0,0,0,0,74794.47656,0,0,0,0,0,0,0
706.00207,0,0,0,0,0,0,0,0,0,0,0,0,0,0,0,0,0,0,0,0,0,0,0,0,0,0,0,0,0,0
232.0962,0,0,0,0,0,0,0,0,0,0,0,0,0,0,0,0,0,0,0,0,0,0,0,0,0,0,0,0,0,0
662.03809,0,0,0,0,0,0,0,0,0,0,0,0,0,0,0,0,0,0,0,0,0,0,0,0,0,0,0,0,0,0
666.01928,0,0,0,0,0,0,0,0,0,0,0,0,0,0,0,0,0,0,0,0,0,0,0,0,0,0,0,0,0,0
304.24991,0,0,0,0,0,0,0,0,0,0,0,0,0,0,0,0,0,0,0,0,0,0,0,0,0,0,0,0,0,0
215.03046,0,0,0,0,0,0,0,0,0,0,0,0,0,0,0,0,0,0,0,0,0,0,0,0,0,0,0,0,0,0
662.04029,0,0,0,0,0,0,0,0,0,0,0,0,0,0,0,0,0,0,0,0,0,0,0,0,0,0,0,0,0,0
479.01468,0,0,0,0,0,0,0,0,0,0,0,0,0,0,0,0,0,0,0,0,0,0,0,0,0,0,0,0,0,0
363.03758,0,0,0,0,0,0,0,0,0,0,0,0,0,0,0,0,0,0,0,0,0,0,0,0,0,0,0,0,0,0
389.02199,0,0,0,0,0,0,0,0,0,0,0,0,0,0,0,0,0,0,0,0,0,0,0,0,0,0,0,0,0,0
403.11042,0,0,0,0,0,0,0,0,0,0,0,0,0,0,0,0,0,0,0,0,0,0,0,0,0,0,0,0,0,0
86.09552,0,0,0,0,0,0,0,0,0,0,0,0,0,0,0,0,0,0,0,0,0,0,0,0,0,0,0,0,6456.998005,0
229.15505,0,0,0,0,100419.6004,0,0,0,0,0,0,0,0,0,0,0,0,0,0,0,0,0,0,0,0,0,0,0,0,0
403.10848,0,0,0,0,0,0,0,0,0,0,0,0,0,0,0,0,0,0,0,0,0,0,0,0,0,0,0,0,0,0
403.11087,0,0,0,0,0,0,0,0,0,0,0,0,0,0,0,13158.00547,0,0,0,0,0,0,0,0,0,0,0,0,0,0
678.01,0,0,0,0,0,0,0,0,0,0,0,0,0,0,0,0,0,0,0,0,0,0,0,0,0,0,0,0,0,0
276.18231,0,0,0,0,0,0,0,7687.220021,0,0,0,0,0,0,0,19755.40082,190041.5566,26159.416,25897.20012,16212.61523,215008.74,0,0,27465.18359,190029.832,23155.14453,36841.00234,24127.36719,21479.35156,25916.44336
296.29497,0,0,0,0,0,0,0,0,0,0,0,0,0,6763.45459,0,0,0,15828.67676,0,0,0,0,0,0,0,0,0,0,0,0
124.99927,0,14875.00313,0,12594.8252,17286.80086,26819.47852,140061.1797,0,15634.27148,12876.55273,0,0,140054.6005,0,0,0,0,19762.1875,0,100585.0084,15769.91002,22916.7168,33487.65625,0,0,13254.61914,16592.7007,14788.28223,19294.42383,157004.7715
137.02282,0,0,0,0,0,0,0,0,0,0,0,0,0,0,0,0,0,0,0,0,0,0,0,0,0,0,0,0,0,0
256.26732,0,0,0,0,0,0,0,0,0,0,0,0,0,0,0,0,0,0,0,0,0,0,0,0,0,0,0,0,0,0
360.36241,0,0,0,0,0,0,0,0,0,0,0,0,0,0,0,0,0,0,0,0,0,0,0,0,0,0,0,0,0,0
479.01366,0,0,0,0,0,0,0,0,0,0,0,0,0,0,0,0,0,0,0,0,0,0,0,0,0,0,0,0,0,0
251.97231,0,0,0,0,0,0,0,0,0,0,0,0,0,0,0,0,0,0,0,0,0,0,0,0,0,0,0,0,0,0
278.24358,0,0,0,0,0,0,0,0,0,0,0,0,0,0,0,0,0,0,0,0,0,0,0,0,0,0,0,0,0,0
98.98326,0,125009.6787,11184.98438,13196.26953,14125.34277,190092.7188,13541.75293,12552.80096,15693.9834,0,142004.167,0,0,0,12618.88672,15812.30057,0,142004.957,8128.79834,0,0,224001.8652,300657.2422,0,0,0,180015.9824,12222.26563,15798.29492,1200300.009
270.10504,0,0,0,0,0,0,0,0,0,0,0,0,0,0,0,0,0,0,0,0,0,0,11144.28516,0,0,100776.3005,100532.7002,0,0,95300.9746
243.96726,0,0,0,0,0,0,0,0,0,0,0,0,0,0,0,0,0,0,0,0,0,0,0,0,0,0,0,0,0,0
473.0039,0,0,0,0,0,0,0,0,0,0,0,0,0,0,0,0,0,0,0,0,0,0,0,0,0,0,0,0,0,0
600.03897,0,0,0,0,0,0,0,0,0,0,0,0,0,0,0,0,0,0,0,0,0,0,0,0,0,0,0,0,0,0
231.05813,0,0,0,0,0,0,0,0,0,0,0,0,0,0,0,0,0,0,0,0,0,0,0,0,0,0,0,0,0,0
245.17174,0,0,0,0,0,0,0,0,0,0,0,0,0,0,0,0,0,15941.166,0,0,0,0,0,0,0,0,0,0,0,0
666.01765,0,0,0,0,0,0,0,0,0,0,0,0,0,0,0,0,0,0,0,0,0,0,0,0,0,0,0,0,0,0
284.13531,0,0,0,0,0,0,0,0,0,0,0,0,0,0,0,0,0,0,0,0,0,0,0,0,0,0,0,0,0,0
666.01836,0,0,0,0,0,0,0,0,0,0,0,0,0,0,0,0,0,0,0,0,0,0,0,0,0,0,0,0,0,0
199.17967,0,0,0,0,0,0,0,0,0,0,0,0,0,0,0,0,0,0,0,0,0,0,0,0,0,0,0,0,0,0
522.59722,0,0,0,0,0,0,0,0,0,0,0,0,0,0,0,0,0,140082.5601,0,0,0,0,0,0,0,180017.9727,0,0,0,0
473.0019,0,0,0,0,0,0,0,0,0,0,0,0,0,0,0,0,0,0,0,0,0,0,0,0,0,0,0,0,0,0
310.02287,0,0,0,0,0,0,0,0,0,0,0,0,0,0,0,0,0,0,0,0,0,0,0,0,0,0,0,0,0,0
366.29251,0,0,0,0,0,0,0,0,0,0,0,0,0,0,0,0,0,0,0,0,0,0,0,0,0,0,0,0,0,0
364.24258,0,0,0,0,0,0,0,0,0,0,0,0,0,0,0,0,0,0,0,0,0,0,0,0,0,0,0,0,0,0
441.0149,0,0,0,0,0,0,0,0,0,0,0,0,0,0,0,0,0,0,0,0,0,0,0,0,0,0,0,0,0,0
479.01418,0,0,0,0,0,0,0,0,0,0,0,0,0,0,0,0,0,0,0,0,0,0,0,0,0,0,0,0,0,0
479.01425,0,0,0,0,0,0,0,0,0,0,0,0,0,0,0,0,0,0,0,0,0,0,0,0,0,0,0,0,0,0
479.01419,0,0,0,0,0,0,0,0,0,0,0,0,0,0,0,0,0,0,0,0,0,0,0,0,0,0,0,0,0,0
231.14112,0,0,0,0,0,0,0,0,0,0,0,0,0,0,0,0,0,0,0,0,0,0,0,0,0,0,0,0,12635.58,0
252.12885,0,0,0,0,0,0,0,0,0,0,0,0,0,0,0,0,0,0,0,0,0,0,0,0,0,0,0,0,0,0
303.1717,0,0,0,0,0,0,0,0,0,0,0,0,0,0,0,0,0,0,0,0,12318.80076,0,0,0,0,0,0,0,0,0
355.23211,0,0,0,0,0,0,0,0,0,0,0,0,0,0,0,0,0,0,0,0,0,0,0,0,0,0,0,0,0,0
231.16627,0,0,0,0,0,0,0,0,0,0,0,0,0,0,0,0,0,0,0,0,0,0,0,0,0,140052.7939,18462.332,0,0,0
186.15932,0,0,0,0,0,0,0,0,0,0,0,0,0,0,0,0,0,0,0,0,0,0,0,0,0,0,0,0,0,0
557.36542,0,0,0,0,0,0,0,0,0,0,0,0,0,0,0,0,0,0,0,0,0,0,0,0,0,0,0,0,0,0
284.33148,0,0,0,0,0,0,0,0,0,0,0,0,0,0,0,0,0,10015002.54,71157.9375,0,0,677007.875,0,0,0,0,0,0,0,0
666.01697,0,0,0,0,0,0,0,0,0,0,0,0,0,0,0,0,0,0,0,0,0,0,0,0,0,0,0,0,0,0
666.01647,0,0,0,0,0,0,0,0,0,0,0,0,0,0,0,0,0,0,0,0,0,0,0,0,0,0,0,0,0,0
666.01684,0,0,0,0,0,0,0,0,0,0,0,0,0,0,0,0,0,0,0,0,0,0,0,0,0,0,0,0,0,0
666.01611,0,0,0,0,0,0,0,0,0,0,0,0,0,0,0,0,0,0,0,0,0,0,0,0,0,0,0,0,0,0
425.00977,0,0,0,0,0,0,0,0,0,0,0,0,0,0,0,0,0,0,0,0,0,0,0,0,0,0,0,0,0,0
383.07829,0,0,0,0,0,0,0,0,0,0,0,0,0,0,0,0,0,0,0,0,0,0,0,0,0,0,0,0,0,0
656.06292,0,0,0,0,0,0,0,0,0,0,0,0,0,0,0,0,0,0,0,0,0,0,0,0,0,0,0,0,0,0
491.2224,0,0,0,0,0,0,0,0,0,0,0,0,0,0,0,0,0,0,0,0,0,0,0,0,0,0,0,0,0,0
221.0224,0,0,0,0,0,0,0,0,0,0,0,0,0,0,0,0,0,0,0,0,0,0,0,0,0,0,0,0,0,0
410.27524,0,0,0,0,0,0,0,0,0,0,0,0,0,0,0,0,0,0,0,0,0,0,0,0,0,0,0,0,0,0
304.29916,0,0,0,0,0,0,0,0,0,200633.5117,0,13536.72656,0,0,0,367700.009,0,41191.85547,300321.8652,0,0,0,0,0,16321.63477,0,0,0,0,0
220.02736,0,0,0,0,0,0,0,0,0,0,0,0,0,0,0,0,0,0,0,0,0,0,0,0,0,0,0,0,0,0
147.04358,0,0,0,0,0,0,0,0,0,0,0,0,0,0,0,0,0,0,0,0,0,0,0,0,0,0,0,0,0,0
299.2051,0,0,0,0,0,0,0,0,0,0,0,0,0,0,0,0,0,0,0,0,0,0,0,0,0,0,0,0,0,0
96.92699,0,0,0,0,0,0,8843.610035,0,100837.958,0,0,13156.54883,0,0,0,0,12944.62793,11699.35645,0,0,0,0,13864.76007,14557.00004,17343.873,0,16478.39258,13553.52441,0,13874.26007
389.22702,0,0,0,0,0,0,0,0,0,0,0,0,0,0,0,47163.00234,35268.54688,42292.90063,32499.62101,24468.66797,330042.0039,0,0,0,0,0,0,0,0,0
193.15881,0,0,0,0,0,0,0,0,0,0,0,0,0,0,0,0,0,0,0,0,0,0,0,0,0,0,0,0,0,0
274.08498,0,0,0,0,0,0,0,0,0,0,0,0,0,0,0,0,0,0,0,0,0,0,0,0,0,0,0,0,0,0
250.03311,0,0,0,0,0,0,0,0,0,0,0,0,0,0,0,0,0,0,0,0,0,0,0,0,0,0,0,0,0,0
362.22772,0,0,0,0,0,0,0,0,0,0,0,0,0,0,0,0,0,0,0,0,0,0,0,0,0,0,0,0,0,0
688.00845,0,0,0,0,0,0,0,0,0,0,0,0,0,0,0,0,0,0,0,0,0,0,0,0,0,0,0,0,0,0
656.06172,0,0,0,0,0,0,0,0,0,0,0,0,0,0,0,0,0,0,0,0,0,0,0,0,0,0,0,0,0,0
116.05206,0,0,0,0,0,0,0,0,0,0,0,0,0,0,0,0,0,0,0,0,0,0,0,0,0,0,0,0,0,0
212.23694,0,0,0,0,0,0,0,0,0,0,0,0,0,0,0,0,0,780000.0053,0,0,0,0,0,0,0,0,0,0,0,0
433.00557,0,0,0,0,0,0,0,0,0,0,0,0,0,0,0,13731.93555,0,0,0,0,0,0,0,200118.7188,14753.00201,148001.8115,19898.0039,0,13464.18007,16751.00293
469.02706,0,0,0,0,0,0,0,0,0,0,0,0,0,0,0,0,0,0,0,0,0,0,0,0,0,0,0,0,0,0
656.0632,0,0,0,0,0,0,0,0,0,0,0,0,0,0,0,0,0,0,0,0,0,0,0,0,0,0,0,0,0,0
233.19115,0,0,0,0,0,0,0,0,0,0,0,0,0,0,0,0,0,0,0,0,0,0,0,0,0,0,0,0,0,0
423.07657,0,0,0,0,0,0,0,0,0,0,0,0,0,0,0,0,0,0,0,0,0,0,0,0,0,0,0,0,0,0
703.96737,0,0,0,0,0,0,0,0,0,0,0,0,0,0,0,0,0,0,0,0,0,0,0,0,0,0,0,0,0,0
656.05839,0,0,0,0,0,0,0,0,0,0,0,0,0,0,0,0,0,0,0,0,0,0,0,0,0,0,0,0,0,0
212.84444,0,0,0,0,0,0,0,0,0,0,0,0,124700.4434,0,0,0,0,121600.498,0,0,0,0,11626.72168,0,0,0,11143.00762,0,14144.61719,0
360.36188,0,0,0,0,0,0,650094.0027,0,0,0,0,0,0,0,0,0,0,0,0,0,0,0,0,0,0,0,0,0,0,0
176.08439,0,0,0,0,0,0,0,0,0,0,0,0,0,0,0,0,0,0,0,0,0,0,0,0,0,0,0,0,0,0
381.10946,0,0,0,0,0,0,0,0,0,0,0,0,0,0,0,0,0,0,0,0,0,0,0,0,0,0,0,0,0,0
656.05986,0,0,0,0,0,0,0,0,0,0,0,0,0,0,0,0,0,0,0,0,0,0,0,0,0,0,0,0,0,0
656.0625,0,0,0,0,0,0,0,0,0,0,0,0,0,0,0,0,0,0,0,0,0,0,0,0,0,0,0,0,0,0
268.29992,0,0,0,0,0,0,0,0,0,0,0,0,0,0,0,0,0,0,0,0,0,129816.6797,0,0,0,0,0,0,0,0
185.1022,0,149800.2227,0,0,0,0,0,0,0,16949.69727,0,0,150034.831,0,0,0,16695.00254,0,0,0,0,17627.2007,0,14514.1377,170078.8984,18377.61523,19919.66992,0,195005.9,18435.582
305.18116,0,0,0,0,0,0,0,0,0,0,0,0,0,0,0,0,0,0,0,0,0,0,0,0,0,0,0,0,0,0
223.99918,0,0,0,0,0,0,0,0,0,0,0,0,0,0,0,0,0,0,0,0,0,0,0,0,0,0,0,0,0,0
304.29949,0,0,230042.6738,0,0,325300.4002,0,0,0,0,0,0,167300.4473,0,0,0,0,0,0,0,0,0,300936.9883,0,0,0,0,0,0,0
409.07131,0,0,0,0,0,0,0,0,0,0,0,0,0,0,0,0,0,0,0,0,0,0,0,0,0,0,0,0,0,0
359.21529,0,0,0,0,0,0,0,0,0,0,0,0,0,0,0,37855.66002,350098.8164,34856.42188,24574.92188,19923.32617,26852.50039,0,0,0,0,0,0,0,0,0
327.23897,0,0,0,0,0,0,0,0,0,0,0,0,0,0,0,0,0,0,0,0,0,0,0,0,0,0,0,0,0,0
646.0738,0,0,0,0,0,0,0,0,0,0,0,0,0,0,0,0,0,0,0,0,0,0,0,0,0,0,0,0,0,0
300.19178,0,0,0,0,0,0,0,0,0,0,0,0,0,0,0,0,0,0,0,0,0,0,0,0,0,0,0,0,0,0
325.22266,0,0,0,0,0,0,0,0,0,0,0,0,0,0,0,0,0,0,0,0,0,0,0,0,0,0,0,0,0,0
309.10877,0,0,0,0,0,0,0,0,0,0,0,0,0,0,0,0,0,0,0,0,0,0,0,0,0,0,0,0,0,0
345.91818,0,0,0,0,0,0,0,0,0,0,0,0,0,0,0,23354.60016,27315.77344,28382.47656,0,0,218006.1328,0,0,0,0,0,0,0,0,0
270.20168,0,0,0,0,0,0,0,0,0,0,0,0,0,0,0,0,0,0,0,0,0,0,0,0,0,0,0,0,0,0
312.36273,0,0,0,0,0,0,0,0,0,0,0,0,0,0,0,0,258009.789,397006.009,25298.96875,26463.375,310093.0035,17845.0001,0,0,0,0,0,0,0,0
118.06429,0,0,0,0,0,0,0,0,0,0,0,0,0,0,0,0,0,0,0,0,0,0,0,0,0,0,0,0,0,0
439.26328,0,0,0,0,0,0,0,0,0,0,0,0,0,0,0,0,0,0,0,0,0,0,0,0,0,0,0,0,0,0
201.12352,0,0,0,0,0,0,0,0,100115.1797,0,0,0,11555.3916,0,0,0,100693.127,0,0,0,0,0,170083.6152,0,13643.36914,0,14684.79395,0,15284.58594,13842.90092
227.15856,0,0,0,0,0,0,0,0,0,0,0,0,0,0,0,0,0,0,0,0,0,0,0,0,0,0,0,0,0,0
403.02788,0,0,0,0,0,0,0,0,0,0,0,0,0,0,0,0,0,0,0,0,0,0,0,0,0,0,0,0,0,0
229.11513,0,0,0,0,0,0,0,0,0,0,0,0,0,0,0,0,0,0,0,0,0,0,0,0,0,0,0,0,0,0
231.1771,0,0,0,0,0,0,0,0,0,0,0,0,0,0,0,0,0,0,0,0,0,0,0,0,0,0,0,0,0,12522.00101
451.00701,0,0,0,0,0,0,0,0,0,0,0,0,0,0,0,0,0,0,0,0,0,0,0,0,0,0,0,0,0,0
263.03054,0,0,0,0,0,0,0,0,0,0,0,0,0,0,0,0,0,0,0,0,0,0,0,0,0,0,0,0,0,0
258.27911,0,0,0,0,0,0,0,0,0,0,0,0,0,0,0,120014.1523,0,0,0,0,0,0,0,0,0,0,0,0,0,0
285.16988,0,0,0,0,0,0,0,0,0,0,0,0,0,0,0,0,0,0,0,0,0,0,0,0,0,0,0,0,0,0
492.96043,0,0,0,0,0,0,0,0,0,0,0,0,0,0,0,0,0,0,0,0,0,0,0,0,0,0,0,0,0,0
174.05861,0,0,0,0,0,0,0,0,0,0,0,0,0,0,0,0,0,0,0,0,0,0,0,0,0,0,0,0,0,0
441.01439,0,0,0,0,0,0,0,0,0,0,0,0,0,0,0,0,0,0,0,0,0,0,0,0,0,0,0,0,0,0
227.2119,0,0,0,0,0,0,0,0,0,0,0,0,0,0,0,0,0,0,0,0,0,0,0,0,0,0,0,0,0,0
180.08267,0,0,0,0,0,0,0,0,0,0,0,0,0,0,0,0,0,0,0,0,0,0,0,0,0,0,0,0,0,0
329.05851,0,0,0,0,0,0,0,0,0,0,0,0,0,0,0,0,0,0,0,0,0,0,0,0,0,0,0,0,0,0
256.05777,0,0,0,0,0,0,0,0,0,0,0,0,0,0,0,0,0,0,0,0,0,0,0,0,0,0,0,0,0,0
327.09245,0,0,0,0,0,0,8712.483398,0,0,0,0,0,0,0,0,0,0,0,0,138500.4229,0,0,0,0,0,0,0,0,0,0
233.12598,0,0,0,0,0,0,0,0,0,0,0,0,0,0,0,0,0,0,0,0,0,0,0,0,0,0,0,0,0,0
360.36202,0,0,0,0,0,0,0,0,0,0,0,0,0,0,0,0,0,0,0,0,0,0,0,0,0,0,0,0,0,0
424.09037,0,0,0,0,0,0,0,0,0,0,0,0,0,0,0,0,0,0,0,0,0,0,0,0,0,0,0,0,0,0
681.99059,0,0,0,0,0,0,0,0,0,0,0,0,0,0,0,0,0,0,0,0,0,0,0,0,0,0,0,0,0,0
160.10981,0,0,0,0,0,0,0,0,0,0,0,0,0,0,0,0,0,0,13276.94238,0,0,0,0,0,0,0,0,0,0,0
170.16448,0,0,0,0,0,0,0,0,0,0,0,0,0,0,0,0,0,0,0,0,0,0,0,0,0,0,0,0,0,0
388.39342,0,0,0,0,0,0,0,0,0,0,0,0,0,0,0,0,0,137754.625,0,0,0,0,0,0,0,0,0,0,0,0
383.06344,0,0,0,0,0,0,0,0,0,0,0,0,0,0,0,0,0,0,0,0,0,0,0,0,0,0,0,0,0,0
401.23813,0,0,0,0,0,0,0,0,0,0,0,0,0,0,0,0,0,0,0,0,0,0,0,0,0,0,0,0,0,0
424.25389,0,0,0,0,0,0,0,0,0,0,0,0,0,0,0,0,0,0,0,0,0,0,0,0,0,0,0,0,0,0
243.1047,0,0,0,0,0,0,0,0,0,0,0,0,0,0,0,0,0,0,0,0,0,0,0,0,0,0,0,0,0,0
298.34628,0,0,0,0,0,0,0,0,0,0,100383.1484,0,0,0,0,0,0,0,0,0,130021.1465,0,0,0,0,0,0,0,0,0
492.95978,0,0,0,0,0,0,0,0,0,0,0,0,0,0,0,0,0,0,0,0,0,0,0,0,0,0,0,0,0,0
102.09031,0,0,0,0,0,0,0,0,0,0,0,0,0,0,0,0,0,0,0,0,0,0,0,0,0,0,0,0,0,0
386.27491,0,0,0,0,0,0,0,0,0,0,0,0,0,0,0,0,0,0,0,0,0,0,0,0,0,0,0,0,0,0
644.02947,0,0,0,0,0,0,0,0,0,0,0,0,0,0,0,0,0,0,0,0,0,0,0,0,0,0,0,0,0,0
633.41635,0,0,0,0,0,0,0,0,0,0,0,0,0,0,0,0,0,0,0,0,0,0,0,0,0,0,0,0,0,0
208.12609,0,0,0,0,0,0,0,0,0,0,0,0,0,0,0,0,0,0,0,0,0,0,0,0,0,0,0,0,0,0
203.05985,0,0,0,0,0,11116.97168,0,100564.8926,9343.288009,0,0,132001.5742,12125.748,124300.002,11545.69434,0,0,11994.49121,0,0,0,0,0,110097.8516,0,138004.3009,0,110052.6963,0,0
360.3624,0,0,0,0,0,0,0,0,0,0,0,0,0,0,0,0,0,0,0,0,0,125874.2969,0,0,0,0,0,0,0,0
321.22183,0,0,0,0,0,0,0,0,0,0,0,0,0,0,0,0,0,0,0,0,0,917004.9688,0,0,0,0,0,0,0,0
102.09038,0,0,0,0,0,0,0,0,0,0,0,0,0,0,0,0,0,0,0,0,0,0,0,0,0,0,0,0,0,0
393.05387,0,0,0,0,0,0,0,0,0,0,0,0,0,0,0,0,0,0,0,0,0,0,0,0,0,0,0,0,0,0
232.16453,0,0,0,0,0,0,0,0,0,0,0,0,0,0,0,0,0,0,0,0,0,0,0,0,0,0,0,0,0,0
94.9286,0,0,0,0,0,0,0,0,0,0,0,0,0,0,0,0,0,0,0,0,0,0,0,0,0,0,0,0,0,0
240.23209,0,0,0,0,0,0,0,0,0,0,0,0,0,0,0,0,19338.37101,27246.85352,165009.873,17371.84766,19919.008,21469.88009,0,0,0,0,0,0,0,0
203.12273,0,0,0,0,0,0,0,0,0,0,0,0,0,0,0,0,0,0,0,0,0,0,0,0,0,0,0,0,0,0
393.00195,0,0,0,0,0,0,0,0,0,0,0,0,0,0,0,0,0,0,0,0,0,0,0,0,0,0,0,0,0,0
267.98846,0,0,0,0,0,0,0,0,0,0,0,0,0,0,0,0,0,0,0,0,0,0,0,0,0,0,0,0,0,0
338.0986,0,0,0,0,0,0,0,0,0,0,0,0,0,0,0,0,0,0,0,0,0,0,0,0,0,0,0,0,0,0
511.32102,0,0,0,0,0,0,0,0,0,0,0,0,0,0,0,0,0,0,0,0,0,0,0,0,0,0,0,0,0,0
297.19803,0,0,0,0,0,0,0,0,0,0,0,0,0,0,0,0,0,0,0,0,0,57723.11328,0,0,0,0,0,0,0,51537.20031
360.36274,0,0,0,0,0,10090054.95,0,0,0,0,0,0,0,0,0,0,0,0,0,0,0,0,0,0,0,0,0,0,0,0
211.09163,0,0,0,0,0,0,0,0,0,0,0,0,0,0,0,0,0,0,0,0,0,0,0,0,0,0,0,0,0,0
116.0522,0,0,0,0,0,0,0,0,0,0,0,0,0,0,0,0,0,0,0,0,0,0,0,0,0,0,0,0,0,0
855.05355,0,0,0,0,0,0,0,0,0,0,0,0,0,0,0,0,0,0,0,0,0,0,0,0,0,0,0,0,0,0
240.19609,0,0,0,0,0,0,0,0,0,0,0,0,0,0,0,0,0,0,0,0,15373.94922,0,0,0,0,0,0,0,0,0
855.05447,0,0,0,0,0,0,0,0,0,0,0,0,0,0,0,0,0,0,0,0,0,0,0,0,0,0,0,0,0,0
89.03751,0,0,0,0,0,0,0,0,0,0,0,0,0,0,0,0,0,0,0,0,0,0,0,0,0,0,0,0,0,0
211.11665,0,0,0,0,0,0,0,0,0,0,0,0,0,0,0,0,0,0,113001.7646,0,0,0,0,12681.23633,0,12752.54688,13895.00225,0,141800.8501,0
304.17205,0,0,0,0,0,0,0,0,0,0,0,0,0,0,0,0,0,0,0,0,0,0,0,0,0,0,0,0,0,0
684.01914,0,0,0,0,0,0,0,0,0,0,0,0,0,0,0,0,0,0,0,0,0,0,0,0,0,0,0,0,0,0
681.99205,0,0,0,0,0,0,0,0,0,0,0,0,0,0,0,0,0,0,0,0,0,0,0,0,0,0,0,0,0,0
306.20146,0,0,0,0,0,0,0,0,0,0,0,0,0,0,0,0,0,0,0,0,0,0,0,0,0,0,0,0,0,0
429.0094,0,0,0,0,0,0,0,0,0,0,0,0,0,0,0,0,0,0,0,0,0,0,0,0,0,0,0,0,0,0
684.02102,0,0,0,0,0,0,0,0,0,0,0,0,0,0,0,0,0,0,0,0,0,0,0,0,0,0,0,0,0,0
393.00213,0,0,0,0,0,0,0,0,0,0,0,0,0,0,0,0,0,0,0,0,0,0,0,0,0,0,0,0,0,0
271.15745,0,0,0,0,0,0,0,0,0,0,0,0,0,0,0,0,0,0,0,0,0,0,0,8124.473633,0,0,0,0,0,100586.5273
285.08516,0,0,0,0,0,0,0,0,0,0,0,0,0,0,0,0,0,0,0,0,0,0,0,0,0,0,0,0,0,0
270.15566,0,0,0,0,0,0,0,0,0,0,0,0,0,0,0,160078.7549,0,0,0,0,0,0,0,13916.12598,0,0,0,0,0,0
111.97645,0,0,0,0,0,0,0,0,0,0,0,0,0,0,0,0,0,0,0,0,0,0,0,0,0,0,0,0,0,0
322.11711,0,0,0,0,0,0,0,0,0,0,0,0,0,0,0,0,0,0,0,0,0,0,0,0,0,0,0,0,0,0
466.53414,0,0,0,0,0,0,0,0,0,0,0,0,0,0,0,0,0,0,0,0,0,0,0,0,0,0,0,0,0,0
222.1214,0,0,0,0,0,0,0,0,0,0,0,0,0,0,0,0,0,0,0,0,0,0,0,0,0,0,0,0,0,0
210.11724,0,0,0,0,0,0,0,0,0,0,0,0,0,0,0,0,0,0,0,15433.3496,0,0,0,0,0,0,0,0,0,0
492.95888,0,0,0,0,0,0,0,0,0,0,0,0,0,0,0,0,0,0,0,0,0,0,0,0,0,0,0,0,0,0
412.25063,0,0,0,0,0,0,0,0,0,0,0,0,0,0,0,0,0,0,0,0,0,0,0,0,0,0,0,0,0,0
156.04175,0,0,0,0,0,0,0,0,0,0,0,0,0,0,0,0,0,0,0,0,0,0,0,11792.63672,0,140021.2393,150048.2003,14587.50049,15861.93262,15123.79883
861.07035,0,0,0,0,0,0,0,0,0,0,0,0,0,0,0,0,0,0,0,0,0,0,0,0,0,0,0,0,0,0
413.04133,0,0,0,0,0,0,0,0,0,0,0,0,0,0,0,0,0,0,0,0,0,0,0,0,0,0,0,0,0,0
684.02184,0,0,0,0,0,0,0,0,0,0,0,0,0,0,0,0,0,0,0,0,0,0,0,0,0,0,0,0,0,0
376.13917,0,0,0,0,0,0,0,0,0,0,0,0,0,0,0,0,0,0,0,0,0,0,0,0,0,0,0,0,0,0
327.13848,0,0,0,0,0,0,0,0,0,0,0,0,0,0,0,0,0,0,0,0,0,0,0,0,0,0,0,0,0,0
240.1721,0,0,0,0,0,0,0,0,0,0,0,0,0,0,0,0,0,0,0,0,0,0,0,0,0,0,0,0,0,0
404.13617,0,0,0,0,0,0,0,0,0,0,0,0,0,0,0,0,0,0,0,0,0,0,0,0,0,0,0,0,0,0
294.07488,0,0,0,0,0,0,0,0,0,0,0,0,0,0,0,0,0,0,0,0,0,0,0,0,0,0,0,0,0,0
418.04362,0,0,0,0,0,0,0,0,0,0,0,0,0,0,0,0,0,0,0,0,0,0,0,0,0,0,0,0,0,0
388.39418,0,0,0,0,0,0,0,0,0,0,0,0,0,0,0,0,154500.166,0,200216.1777,0,0,0,0,16585.76172,0,0,0,0,0,0
385.24409,0,0,0,0,0,0,0,0,0,0,0,0,0,0,0,0,0,0,0,0,0,0,0,0,0,0,0,0,0,0
304.2989,0,0,0,0,0,0,0,0,0,0,0,0,0,0,0,0,0,0,0,0,0,0,0,0,0,0,0,0,0,0
278.9661,0,0,0,0,0,0,0,0,0,0,0,0,0,0,0,0,0,0,0,0,0,0,0,0,0,0,0,0,0,0
550.62895,0,0,0,0,0,0,0,0,0,0,0,0,0,0,0,0,0,0,18435.27344,200253.621,18684.42188,0,0,0,0,0,0,0,0,23143.5625
485.34607,0,0,0,0,0,0,0,0,0,0,0,0,0,0,0,0,0,0,0,0,0,0,0,0,0,0,0,0,0,0
314.19613,0,0,0,0,0,0,0,0,0,0,0,0,0,0,0,0,0,0,0,0,0,0,0,0,0,0,0,0,0,0
296.33128,0,0,0,0,0,0,0,0,0,0,0,0,0,0,0,0,0,23152.63009,14259.94531,13842.89453,13591.4375,0,0,0,0,0,0,0,0,0
684.02254,0,0,0,0,0,0,0,0,0,0,0,0,0,0,0,0,0,0,0,0,0,0,0,0,0,0,0,0,0,0
429.00893,0,0,0,0,0,0,0,0,0,0,0,0,0,0,0,0,0,0,0,0,0,0,0,0,0,0,0,0,0,0
500.01119,0,0,0,0,0,0,0,0,0,0,0,0,0,0,0,0,0,0,0,0,0,0,0,0,0,0,0,0,0,0
303.06081,0,0,0,0,0,0,0,0,0,0,0,0,0,0,0,0,0,0,0,0,0,0,0,0,0,0,0,0,0,0
418.95424,0,0,0,0,0,0,0,0,0,0,0,0,0,0,0,0,0,0,0,0,0,0,0,0,0,0,0,0,0,0
441.01426,0,0,0,0,0,0,0,0,0,0,0,0,0,0,0,0,0,0,0,0,0,0,0,0,0,0,0,0,0,0
395.27547,0,0,0,0,0,0,0,0,0,0,0,0,0,0,0,0,0,0,0,0,0,0,0,0,0,0,0,0,0,0
230.02719,0,0,0,0,0,0,0,0,0,0,0,0,0,0,0,0,0,0,0,0,0,0,0,0,0,0,0,0,0,0
559.37522,0,0,0,0,0,0,0,0,0,0,0,0,0,0,0,0,0,0,0,0,0,0,0,0,0,0,0,0,0,0
360.36178,0,0,0,0,0,0,0,730025.0039,0,0,0,0,0,0,0,0,0,0,0,0,0,0,0,0,0,0,0,0,0,0
478.32356,0,0,0,0,0,0,0,0,0,0,0,0,0,0,0,0,0,0,0,0,0,0,0,0,0,0,0,0,0,0
187.9985,0,0,0,0,0,0,0,0,0,0,0,0,0,0,0,0,0,0,0,0,0,0,0,0,0,0,0,0,0,0
216.07524,0,0,0,0,0,0,0,0,0,0,0,0,0,0,0,0,0,0,0,0,0,0,0,0,0,0,0,0,0,0
382.15857,0,0,0,0,0,0,0,0,0,0,0,0,0,0,0,0,0,0,0,0,0,0,0,0,0,0,0,0,0,0
264.12004,0,0,0,0,0,0,0,0,0,0,0,0,0,0,0,0,0,0,0,0,0,0,0,0,0,0,0,0,0,0
460.31356,0,0,0,0,0,0,0,0,0,0,0,0,0,0,0,0,0,0,0,0,0,0,0,0,0,0,0,0,0,0
441.01379,0,0,0,0,0,0,0,0,0,0,0,0,0,0,0,0,0,0,0,0,0,0,0,0,0,0,0,0,0,0
356.98221,0,0,0,0,0,0,0,0,0,0,0,0,0,0,0,0,0,0,0,0,0,0,0,0,0,0,0,0,0,0
369.92827,0,0,0,0,0,0,0,0,0,0,0,0,0,0,0,0,0,0,0,0,0,0,0,0,0,0,0,0,0,0
254.14105,0,0,0,0,0,0,0,0,0,0,0,0,0,0,0,0,0,0,0,0,0,0,0,0,0,0,0,0,0,0
231.12945,0,0,0,0,0,0,0,0,0,0,0,0,0,0,0,0,0,0,0,0,0,0,0,0,0,0,0,0,0,0
117.06481,0,0,0,0,13366.7373,0,0,0,0,13216.93848,0,0,0,0,0,0,133700.6484,0,13476.48242,0,12486.31543,0,0,0,0,0,0,0,0,0
228.14285,0,0,0,0,0,0,0,0,0,0,0,0,0,0,0,0,0,0,0,0,0,0,0,0,0,0,0,0,0,0
577.39054,0,0,0,0,0,0,0,0,0,0,0,0,0,0,0,0,0,0,0,0,0,0,0,0,0,0,0,0,0,0
401.18619,0,0,0,7441.145002,0,100367.7314,0,0,0,0,0,0,0,0,0,0,0,0,0,0,0,0,0,0,0,0,0,0,0,0
313.2231,0,0,0,0,0,0,0,0,0,0,0,0,0,0,0,0,0,0,0,0,0,0,0,0,0,0,0,0,0,0
393.2427,0,0,0,0,0,0,0,0,0,0,0,0,0,0,0,0,0,0,0,0,0,0,0,0,0,16431.96289,0,0,13835.25977,16595.17773
672.03265,0,0,0,0,0,0,0,0,0,0,0,0,0,0,0,0,0,0,0,0,0,0,0,0,0,0,0,0,0,0
400.25694,0,0,0,0,0,0,0,0,0,0,0,0,0,0,0,0,0,0,0,0,0,0,0,0,0,0,0,0,0,0
501.33625,0,0,0,0,0,0,0,0,0,0,0,0,0,0,0,0,0,0,0,0,0,0,0,0,0,0,0,0,0,0
335.05192,0,0,0,0,0,0,0,0,0,0,0,0,0,0,0,0,0,0,0,0,0,0,0,0,0,0,0,0,0,0
359.01735,0,0,0,0,0,0,0,0,0,0,0,0,0,0,0,0,0,0,0,0,0,0,0,0,0,0,0,0,0,0
330.14614,0,0,0,0,0,0,0,0,0,0,0,0,0,0,0,0,0,0,0,0,0,0,0,0,0,0,0,0,0,0
304.29949,0,0,0,0,0,0,0,0,0,0,0,0,0,0,0,0,0,0,0,0,0,0,0,0,0,177008.1328,0,0,0,0
495.32565,0,0,0,0,0,0,0,0,0,0,0,0,0,0,0,0,0,0,0,0,0,0,0,0,0,0,0,0,0,0
212.09337,0,0,0,25754.58594,0,0,0,0,0,0,0,0,0,0,0,0,0,0,0,0,0,0,0,0,0,0,0,0,320061.23,0
624.06762,0,0,0,0,0,0,0,0,0,0,0,0,0,0,0,0,0,0,0,0,0,0,0,0,0,0,0,0,0,0
509.30506,0,0,0,0,0,0,0,0,0,0,0,0,0,0,0,0,0,0,0,0,0,0,0,0,0,0,0,0,0,0
622.02507,0,0,0,0,0,0,0,0,0,0,0,0,0,0,0,0,0,0,0,0,0,0,0,0,0,0,0,0,0,0
112.05164,0,0,0,0,0,0,0,0,0,0,0,0,0,0,0,0,0,0,0,0,11962.00117,0,0,0,155006.4002,0,0,16177.8125,13123.7007,0
368.42529,0,0,0,0,6925.618164,0,0,0,0,0,0,0,0,0,0,0,0,11969.21191,0,0,0,0,0,0,0,0,0,0,0,0
399.1222,0,0,0,0,0,0,0,0,0,0,0,0,0,0,0,0,0,0,0,0,0,0,0,0,0,0,0,0,0,0
322.10623,0,0,0,0,0,0,0,0,0,0,0,0,0,0,0,0,0,0,0,0,0,0,0,0,0,0,0,0,0,0
309.09742,0,0,0,0,0,0,0,0,0,0,0,0,0,0,0,0,0,0,0,0,0,0,0,0,0,0,0,0,0,0
347.94632,0,0,0,0,0,0,0,0,0,0,0,0,0,0,0,0,0,0,0,0,0,0,0,0,0,0,0,0,0,0
243.1075,0,0,0,0,0,0,0,0,0,0,0,0,13266.53516,0,0,0,0,0,0,0,0,0,25957.873,0,0,0,0,0,0,0
492.96088,0,0,0,0,0,0,0,0,0,0,0,0,0,0,0,0,0,0,0,0,0,0,0,0,0,0,0,0,0,0
215.05633,0,0,0,0,0,0,0,0,0,0,0,0,0,0,0,0,0,0,0,0,0,0,0,0,0,0,0,0,0,0
315.12713,0,0,0,0,0,0,0,0,0,0,0,0,0,0,0,0,0,0,0,0,0,0,0,0,0,0,0,0,0,0
319.19374,0,0,0,0,0,0,0,0,0,0,0,0,0,0,0,0,0,0,0,0,0,0,15669.25879,0,0,0,0,0,0,0
310.10602,0,0,0,0,0,0,0,0,0,0,0,0,0,0,0,0,0,0,0,0,0,0,0,0,0,0,0,0,0,0
96.93931,0,22296.42578,0,0,0,0,0,0,0,0,0,0,0,0,0,0,0,0,0,0,0,0,0,0,0,0,0,0,27497.85547,0
169.8936,0,0,0,0,0,0,0,0,0,0,0,0,0,0,0,0,0,0,0,0,0,0,0,0,0,0,0,0,0,0
247.15088,0,1003200.786,0,0,0,0,0,0,0,0,0,0,16526.75977,0,0,0,0,0,0,0,0,0,0,0,0,0,0,0,0,0
307.19345,0,0,0,0,0,0,0,0,0,0,0,0,0,0,0,0,0,0,0,0,0,4900005.001,0,0,0,0,0,0,0,0
492.9603,0,0,0,0,0,0,0,0,0,0,0,0,0,0,0,0,0,0,0,0,0,0,0,0,0,0,0,0,0,0
495.32488,0,0,0,0,0,0,0,0,0,0,0,0,0,0,0,0,0,0,0,0,0,0,0,0,0,0,0,0,0,0
282.27843,0,0,0,0,0,0,0,0,0,0,0,0,0,0,0,0,0,0,0,0,0,0,0,0,0,0,0,0,0,0
91.0536,0,0,0,0,0,0,0,0,0,0,0,0,0,0,0,0,0,0,0,0,0,0,0,0,0,0,0,0,0,0
337.11736,0,0,0,0,0,0,0,0,0,0,0,0,0,0,0,0,0,0,17362.00918,0,0,0,0,0,0,0,300443.3496,0,0,0
279.26781,0,0,0,0,0,0,0,0,0,0,0,0,0,0,0,0,9938.695313,0,0,1000078.101,0,0,0,0,0,0,0,120045.5518,0,14329.89006
283.13899,0,0,0,0,0,0,0,0,0,0,0,0,0,0,0,0,0,0,0,0,0,0,0,8658.287101,0,0,0,0,0,0
492.95858,0,0,0,0,0,0,0,0,0,0,0,0,0,0,0,0,0,0,0,0,0,0,0,0,0,0,100693.9007,0,0,0
228.13075,0,0,0,0,0,0,0,0,0,0,0,0,0,0,0,0,0,0,0,0,0,0,0,0,0,0,0,0,6145.773926,0
397.19232,0,0,0,0,0,0,0,0,0,0,0,0,0,0,0,0,0,0,0,0,0,0,0,0,0,0,0,0,0,0
339.10696,0,0,0,0,0,0,0,0,0,0,0,0,0,0,0,0,0,0,0,0,0,0,0,0,0,0,0,0,0,0
492.96096,0,0,0,0,0,0,0,0,0,0,0,0,0,0,0,0,0,0,19385.791,0,0,16864.17578,0,0,0,0,0,0,0,0
312.15907,0,0,0,0,0,0,0,0,0,0,0,0,0,0,0,0,0,0,0,0,0,0,0,0,0,0,0,0,0,0
309.16392,0,0,0,0,0,0,0,0,0,0,0,0,0,0,0,0,0,0,0,0,0,0,0,0,0,158700.4463,16164.77441,0,0,12284.50059
303.91734,0,0,0,0,0,0,0,0,0,0,0,0,0,0,0,0,0,0,0,0,0,44311.97656,0,0,0,0,0,0,0,0
295.21103,0,0,0,0,0,0,0,0,0,0,0,0,0,0,0,0,0,0,0,0,0,0,0,0,0,0,0,0,0,0
451.01654,0,0,0,0,0,0,0,0,0,0,0,0,0,0,0,0,0,0,0,0,0,0,0,0,0,0,0,0,0,0
622.02526,0,0,0,0,0,0,0,0,0,0,0,0,0,0,0,0,0,0,0,0,0,0,0,0,0,0,0,0,0,0
300.1563,0,0,0,0,0,0,0,0,0,0,0,0,0,0,0,0,0,0,0,0,0,0,0,0,0,0,0,0,0,0
255.2443,0,0,0,0,0,0,0,0,0,0,0,0,0,0,0,0,0,0,0,0,0,0,0,0,0,0,0,0,0,0
508.54567,0,0,0,0,0,0,0,0,0,0,0,0,0,0,0,0,0,0,0,0,0,0,0,0,0,231200.293,200233.6719,0,0,0
492.95923,0,0,0,0,0,0,0,0,0,0,0,0,0,0,0,0,0,0,0,0,0,0,0,0,0,0,0,0,0,0
550.62801,0,0,0,0,0,0,0,0,0,0,0,0,0,0,0,0,0,0,0,0,0,0,0,0,0,0,0,0,0,0
268.29043,0,0,0,0,0,0,0,0,0,0,0,0,0,0,0,0,0,0,19783.52539,0,0,230064.2598,0,0,0,0,0,0,0,0
266.17913,0,0,0,0,0,0,0,0,0,0,0,0,0,0,0,0,0,0,0,0,0,0,0,0,0,0,0,0,0,0
315.13476,0,0,0,0,0,0,0,0,0,0,0,0,0,0,0,0,0,0,0,0,100787.8242,0,0,0,0,0,0,0,0,0
436.26484,0,0,0,0,0,0,0,0,0,0,0,0,0,0,0,0,0,0,0,0,0,0,0,0,0,0,0,0,0,0
357.21287,0,0,0,0,0,0,0,0,0,0,0,0,0,0,0,0,0,0,0,0,0,0,0,0,0,0,0,0,0,0
680.04974,0,0,0,0,0,0,0,0,0,0,0,0,0,0,0,0,0,0,0,0,0,0,0,0,0,0,0,0,0,0
216.09881,0,0,0,0,0,0,0,0,0,0,0,0,0,0,0,0,0,0,0,0,0,0,0,0,0,0,0,0,0,0
308.21652,0,0,0,0,0,0,0,0,0,0,0,0,0,0,0,0,0,0,0,0,0,0,0,0,0,0,0,0,0,0
94.92862,0,0,0,0,0,0,0,0,0,0,0,0,0,0,0,0,0,0,0,0,0,0,0,0,0,0,0,0,0,0
388.39292,0,0,0,0,0,0,0,0,0,0,0,0,0,0,0,0,0,0,0,0,0,0,0,0,0,0,0,0,0,0
348.325,0,0,0,0,0,0,0,0,0,0,0,0,0,0,0,0,0,0,0,0,0,0,0,0,0,0,0,0,0,0
357.16354,0,0,0,0,0,0,0,0,0,0,0,0,0,0,0,0,0,0,0,0,0,0,0,0,0,0,0,0,0,0
222.13663,0,0,0,0,0,0,0,0,0,0,0,0,0,0,0,0,0,0,0,0,0,0,0,0,0,0,0,0,0,0
267.98888,0,0,0,0,0,0,0,0,0,0,0,0,0,0,0,0,0,0,0,0,0,0,0,0,0,0,0,0,0,0
403.14809,0,0,0,0,0,0,0,0,0,0,0,0,0,0,0,0,0,0,0,0,0,0,0,0,0,0,0,0,0,0
410.21462,0,0,0,0,0,0,0,0,0,0,0,0,0,0,0,0,0,0,0,0,0,0,0,0,0,0,0,0,0,0
534.3502,0,0,0,0,0,0,0,0,0,0,0,0,0,0,0,0,0,0,0,0,0,0,0,0,0,0,0,0,0,0
357.16372,0,0,0,0,0,0,0,0,0,0,0,0,0,0,0,0,0,0,0,0,0,0,0,0,0,0,0,0,0,0
225.17031,0,0,0,0,0,0,0,0,0,0,0,0,0,0,0,0,0,0,0,0,0,0,8694.25,11479.2998,0,0,0,0,0,0
144.0436,0,0,7872.851007,0,0,0,0,0,0,0,0,0,0,0,0,0,0,0,0,0,0,7977.911621,0,0,0,100241.6895,11523.00459,0,0,0
320.18791,0,0,0,0,0,0,0,0,0,0,0,0,0,0,0,0,0,0,0,0,0,0,0,0,0,0,0,0,0,0
550.62783,0,0,0,0,0,0,0,0,0,0,0,0,0,0,0,0,0,0,0,0,0,0,0,0,0,0,0,0,0,0
96.92722,0,0,0,0,0,0,0,0,0,0,0,0,0,0,0,0,0,0,15647.96777,0,0,2100002.31,0,0,0,0,0,0,0,0
311.16542,0,0,0,0,0,0,0,0,0,0,0,0,0,0,0,0,0,0,0,0,0,0,0,0,0,0,12386.8125,0,0,0
672.03277,0,0,0,0,0,0,0,0,0,0,0,0,0,0,0,0,0,0,0,0,0,0,0,0,0,0,0,0,0,0
158.09067,0,0,0,0,0,0,0,0,0,0,0,0,0,0,0,0,0,0,0,0,0,0,0,0,0,0,0,0,0,0
255.06482,0,0,0,0,0,0,0,0,0,0,0,0,0,0,0,0,0,0,0,0,0,0,0,0,0,0,0,0,0,0
305.16468,0,0,0,0,0,0,0,0,0,0,0,0,0,0,0,0,0,0,0,0,0,0,0,0,0,0,0,0,0,0
688.0106,0,0,0,0,0,0,0,0,0,0,0,0,0,0,0,0,0,0,0,0,0,0,0,0,0,0,0,0,0,0
327.08391,0,0,0,0,0,0,0,0,0,0,0,0,0,0,0,0,0,0,0,0,0,0,0,0,0,0,0,0,0,0
300.19105,0,0,0,0,0,0,0,0,0,0,0,0,0,0,0,0,0,0,0,0,0,0,0,0,0,0,0,0,0,0
388.39385,0,0,0,0,0,0,0,0,110048.2324,0,0,0,100246.2939,0,0,0,0,0,0,0,0,0,0,0,13589.10094,0,0,0,0,0
272.04015,0,0,0,0,0,0,0,0,0,0,0,0,0,0,0,0,0,0,0,0,0,0,0,0,0,0,0,0,0,0
250.10195,0,0,0,0,0,0,0,0,0,0,0,0,0,0,0,0,0,0,0,0,0,0,0,0,0,0,0,0,0,0
150.09923,0,0,0,0,0,0,0,0,0,0,0,0,0,0,0,0,0,0,0,0,0,0,0,0,0,0,0,0,0,0
268.18616,0,0,0,0,0,0,0,0,0,0,0,0,0,0,0,0,0,0,0,0,0,0,0,0,0,0,0,0,0,0
448.96943,0,0,0,0,0,0,0,0,0,0,0,0,0,0,0,0,0,0,0,0,0,0,0,0,0,0,0,0,0,0
300.1789,0,0,0,0,0,0,0,0,0,0,0,0,0,0,0,0,0,0,0,0,0,0,0,0,0,0,0,0,0,0
494.98748,0,0,0,0,0,0,0,0,0,0,0,0,0,0,0,0,0,0,0,0,0,0,0,0,0,0,0,0,0,0
340.23822,0,0,0,0,0,0,0,0,0,0,0,0,0,0,0,0,0,0,0,0,0,0,0,0,0,0,0,0,0,0
264.06798,0,0,0,0,0,0,0,0,0,0,0,0,0,0,0,0,0,0,0,0,0,0,0,0,0,0,0,0,0,0
427.30213,0,0,0,0,0,0,0,0,0,0,0,0,0,0,0,0,0,0,0,0,0,0,0,0,0,0,0,0,0,0
321.22151,0,0,0,0,0,0,0,0,0,0,0,0,0,0,0,0,0,0,0,0,0,0,0,0,0,0,0,0,0,0
296.12734,0,0,0,0,0,0,0,0,0,0,0,0,0,0,0,0,0,0,0,0,0,0,0,0,0,0,0,0,0,0
209.09731,0,0,0,0,0,0,0,0,0,0,0,0,0,0,0,0,0,0,0,0,0,0,0,0,0,0,0,0,153007.44,17547.26758
448.96977,0,0,0,0,0,0,0,0,0,0,0,0,0,0,0,0,0,0,0,0,0,0,0,0,0,0,0,0,0,0
688.01016,0,0,0,0,0,0,0,0,0,0,0,0,0,0,0,0,0,0,0,0,0,0,0,0,0,0,0,0,0,0
309.14686,0,0,0,0,0,0,0,0,0,0,0,0,0,0,0,0,0,0,0,0,0,0,0,0,0,0,0,0,0,0
360.21424,0,0,0,0,0,0,0,0,0,0,0,0,0,0,0,0,0,0,0,0,0,0,0,0,0,0,0,0,0,0
309.14624,0,0,0,0,0,0,0,0,0,0,0,0,0,0,0,0,0,0,0,0,0,0,0,0,0,0,0,0,0,0
494.56602,0,0,0,0,0,0,0,0,0,0,0,0,0,0,0,0,0,0,0,0,0,0,0,0,0,0,11848.73535,0,0,0
157.1072,0,0,0,0,0,0,0,0,0,0,0,0,0,0,0,0,0,0,0,0,100488.8789,0,0,0,0,0,100225.9248,0,0,110016.581
415.00683,0,0,0,0,0,0,0,0,0,0,0,0,0,0,0,0,0,0,0,0,0,0,0,0,0,0,0,0,0,0
170.07069,0,0,0,0,0,0,190056.627,0,0,0,0,0,0,0,0,0,0,0,0,0,0,0,0,0,0,0,0,0,0,0
226.13666,0,0,0,0,16149.11426,0,0,0,0,0,0,0,0,0,0,0,0,0,0,0,0,0,0,0,0,0,0,14611.873,0,0
305.1982,0,0,0,0,0,0,0,0,0,0,0,0,0,0,0,0,0,0,0,0,0,0,0,0,0,0,0,0,0,0
318.07676,0,0,0,0,0,0,0,0,0,0,0,0,0,0,0,0,0,0,0,0,0,0,0,0,0,0,0,0,0,0
373.0942,0,0,0,0,0,0,0,0,0,0,0,0,0,0,0,0,130065.5518,17274.18164,0,0,0,0,0,0,0,0,0,0,0,0
274.16512,0,0,0,0,0,0,0,0,0,0,0,0,0,0,0,0,0,145100.6289,0,0,0,0,0,0,0,0,1570000.689,0,0,0
703.98427,0,0,0,0,0,0,0,0,0,0,0,0,0,0,0,0,0,0,0,0,0,0,0,0,0,0,0,0,0,0
172.11596,0,0,0,0,0,0,0,0,0,0,0,0,0,0,0,0,0,0,0,0,0,0,0,0,0,0,0,0,0,0
703.98308,0,0,0,0,0,0,0,0,0,0,0,0,0,0,0,0,0,0,0,0,0,0,0,0,0,0,0,0,0,0
433.00628,0,0,0,0,0,0,0,0,0,0,0,0,0,0,0,0,0,0,0,0,0,0,0,0,0,0,0,0,0,0
373.09376,0,0,0,0,0,0,0,0,0,0,0,0,0,0,0,0,0,0,0,0,0,0,0,0,0,0,0,0,0,0
364.24345,0,0,0,0,0,0,0,0,0,0,0,0,0,0,0,0,0,0,0,0,0,0,0,0,0,0,0,0,0,0
300.17672,0,0,0,0,0,0,0,0,0,0,0,0,0,0,0,0,0,0,0,0,0,0,0,0,0,0,0,0,0,0
233.14105,0,0,0,13379.00004,0,0,0,0,0,0,0,0,0,0,0,0,0,0,0,0,0,0,0,0,0,0,0,0,0,0
448.96993,0,0,0,0,0,0,0,0,0,0,0,0,0,0,0,0,0,0,0,0,0,0,0,0,0,0,0,0,0,0
277.93926,0,0,0,0,0,0,0,0,0,0,0,0,0,0,0,12537.97656,0,0,0,0,0,15514.00117,0,0,0,0,0,0,0,0
136.07505,0,0,0,0,0,0,0,0,0,0,0,0,0,0,0,0,0,0,0,0,0,0,0,0,0,0,0,0,0,0
384.25976,0,0,0,0,0,0,0,0,0,0,0,0,0,0,0,0,0,0,0,0,0,0,0,0,0,0,0,0,0,0
424.24327,0,0,0,0,0,0,0,0,0,0,0,0,0,0,0,0,0,0,0,0,0,0,0,0,0,0,0,0,0,0
213.20644,0,0,0,0,0,0,0,0,0,0,0,0,0,0,0,0,0,0,0,0,0,0,0,0,0,0,0,0,0,0
404.26967,0,0,0,0,0,0,0,0,0,0,0,0,0,0,0,0,0,0,0,0,0,0,0,0,0,0,0,0,0,0
361.07026,0,0,0,0,0,0,0,0,0,0,0,0,0,0,0,0,0,0,0,0,0,0,0,0,0,0,0,0,0,0
369.31135,0,0,0,0,0,0,11294.7168,0,0,0,0,0,0,0,0,0,0,0,0,0,0,0,0,15383.00006,0,0,0,0,0,0
116.04863,0,0,0,0,0,0,0,0,0,0,0,0,0,0,0,0,0,0,0,0,0,0,0,0,0,0,0,0,0,0
322.31055,0,0,0,0,0,0,0,0,0,0,0,0,0,0,0,0,0,0,0,0,0,0,0,0,0,0,12864.749,0,0,13335.11426
223.02333,0,0,0,0,0,0,0,0,0,0,0,0,0,0,0,0,0,0,0,0,0,0,0,0,0,0,0,0,0,0
495.32513,0,0,0,0,0,0,0,0,0,0,0,0,0,0,0,0,0,0,0,0,0,0,0,0,0,0,0,0,0,0
703.98458,0,0,0,0,0,0,0,0,0,0,0,0,0,0,0,0,0,0,0,0,0,0,0,0,0,0,0,0,0,0
299.30542,0,0,0,0,0,0,0,0,0,0,0,0,0,0,0,0,0,0,0,0,0,0,0,0,0,0,0,0,0,0
568.13567,0,0,0,0,0,0,0,0,0,0,0,0,0,0,0,0,0,0,0,0,0,0,0,0,0,0,0,0,0,0
458.1197,0,0,0,0,0,0,0,0,0,0,0,0,0,0,0,0,0,0,0,0,0,0,0,0,0,0,0,0,0,0
416.95401,0,0,0,0,0,0,0,0,0,0,0,0,0,0,0,0,0,0,0,0,0,0,0,0,0,0,0,0,0,0
303.91716,0,0,0,0,0,0,0,0,0,0,0,0,0,0,0,0,0,0,0,0,0,0,0,0,0,0,0,0,0,0
145.05277,0,0,0,0,0,0,0,0,0,0,0,0,0,0,0,0,0,0,0,0,0,0,0,0,0,0,0,0,0,0
323.1892,0,0,0,0,0,0,0,0,0,0,0,0,0,0,0,18337.43945,0,0,0,0,0,0,0,0,0,0,0,0,0,0
593.55122,0,0,0,0,0,0,0,0,0,0,0,0,0,0,0,0,0,0,0,0,0,0,0,0,0,0,0,0,0,0
403.19101,0,0,0,0,0,0,0,0,0,0,0,0,0,0,0,0,0,0,0,0,0,0,0,0,0,0,0,0,0,0
227.99701,0,0,0,0,0,0,0,0,0,0,0,0,0,0,0,0,0,0,0,0,0,0,0,0,0,0,0,0,0,0
873.06327,0,0,0,0,0,0,0,0,0,0,0,0,0,0,0,0,0,0,0,0,0,0,0,0,0,0,0,0,0,0
681.99077,0,0,0,0,0,0,0,0,0,0,0,0,0,0,0,0,0,0,0,0,0,0,0,0,0,0,0,0,0,0
403.19036,0,0,0,0,0,0,0,0,0,0,0,0,0,0,0,0,0,0,0,0,0,0,0,0,0,0,0,0,0,0
186.18183,0,0,0,0,0,0,0,0,0,0,0,0,0,0,0,0,0,0,0,0,0,0,0,0,0,0,0,0,5164.001953,0
458.11987,0,0,0,0,0,0,0,0,0,0,0,0,0,0,0,0,0,0,0,0,0,0,0,0,0,0,0,0,0,0
430.19694,0,0,0,0,0,0,0,0,0,0,0,0,0,0,0,0,0,0,0,0,0,0,0,0,0,0,0,0,0,0
303.91728,0,0,0,0,0,0,0,0,0,0,0,0,0,0,0,0,0,0,0,0,23725.99414,0,0,0,0,0,0,0,0,0
301.10928,0,0,0,0,0,0,0,23556.8457,0,0,0,0,0,0,0,0,0,0,0,0,0,0,0,0,0,0,0,0,0,0
495.32587,0,0,0,0,0,0,0,0,0,0,0,0,0,0,0,0,0,0,0,0,0,0,0,0,0,0,0,0,0,0
329.18123,0,0,0,0,0,0,0,0,0,90049.61621,0,0,0,0,0,0,0,0,0,0,0,0,0,0,0,0,0,0,0,0
404.16051,0,0,0,0,0,0,0,0,0,0,0,0,0,0,0,0,0,0,0,0,0,0,0,0,0,0,0,0,0,0
337.21462,0,0,0,0,0,0,0,0,0,0,0,0,0,0,0,0,0,0,0,0,0,0,0,0,0,0,0,0,0,0
298.06815,0,0,0,0,0,0,0,0,0,0,0,0,0,0,0,0,0,0,0,0,0,0,0,0,0,0,0,0,0,0
291.08759,0,0,0,0,0,0,0,0,0,0,0,0,0,0,0,0,0,0,0,0,0,0,0,0,0,0,0,22119.94531,0,0
220.11412,0,0,0,0,0,0,0,0,0,0,0,0,0,0,0,0,0,0,0,0,0,0,0,0,0,0,0,0,0,0
458.11775,0,0,0,0,0,0,0,0,0,0,0,0,0,0,0,0,0,0,0,0,0,0,0,0,0,0,0,0,0,0
127.04632,0,0,0,0,0,0,0,0,0,0,0,0,0,0,0,0,0,0,0,0,0,0,0,0,0,0,0,0,0,0
240.06238,0,0,0,0,0,0,0,0,0,0,0,0,0,0,0,0,0,0,0,0,0,0,0,0,0,0,0,0,0,0
373.17008,0,0,0,0,0,0,0,0,0,0,0,0,0,0,0,0,0,0,0,0,0,0,0,0,0,0,0,0,0,0
325.17125,0,0,0,0,0,0,0,0,0,0,0,0,0,0,0,0,0,0,0,0,0,0,0,0,0,0,0,0,0,0
633.41727,0,0,0,0,0,0,0,0,0,0,0,0,0,0,0,0,0,0,0,0,0,0,0,0,0,0,0,0,0,0
260.15711,0,0,0,0,0,0,0,0,0,0,0,0,0,0,0,0,0,0,0,0,0,0,0,0,0,0,0,0,0,0
552.89902,0,0,0,0,0,0,0,0,0,0,0,0,0,0,0,0,0,0,0,0,0,0,0,0,0,0,0,0,0,0
616.17628,0,0,0,0,0,0,0,0,0,0,0,0,0,0,0,0,0,0,0,0,0,0,0,0,0,0,0,0,0,0
362.07627,0,0,0,0,0,0,0,0,0,0,0,0,0,0,0,0,0,0,0,0,0,0,0,0,0,0,0,0,0,0
235.11137,0,0,0,0,0,0,0,0,0,0,0,0,0,0,0,0,0,16945.86523,0,0,0,0,0,0,0,0,0,0,0,0
184.1557,0,0,0,0,0,0,0,0,0,0,0,0,0,0,0,0,0,0,0,0,0,0,0,0,0,0,0,0,0,0
438.12332,0,0,0,0,0,0,0,0,0,0,0,0,0,0,0,0,0,0,0,0,0,0,0,0,0,0,0,0,0,0
514.94134,0,0,0,0,0,0,0,0,0,0,0,0,0,0,0,0,0,0,0,0,0,0,0,0,0,0,0,0,0,0
321.2218,0,0,0,0,0,0,0,0,0,0,0,0,0,0,0,0,0,0,0,0,0,0,0,0,0,0,0,0,0,0
376.01504,0,0,0,0,0,0,0,0,0,0,0,0,0,0,0,0,0,0,0,0,0,0,0,0,0,0,0,0,0,0
267.98874,0,0,0,0,0,0,0,0,0,0,0,0,0,0,0,0,0,0,0,0,0,0,0,0,0,0,0,0,0,0
340.00409,0,0,0,0,0,0,0,0,0,0,0,0,0,0,0,0,0,0,0,0,0,0,0,0,0,0,0,0,0,0
286.14246,0,0,0,0,0,0,0,0,0,0,0,0,0,0,77004.91006,0,0,0,0,0,0,0,0,0,0,0,12557.45002,0,0,0
388.393,0,0,0,0,0,0,0,0,0,0,0,0,0,0,0,0,0,0,0,0,0,0,0,0,0,0,0,0,0,0
321.22313,0,0,0,0,0,0,0,0,0,0,0,0,0,0,0,0,0,0,0,0,0,0,0,0,0,0,0,0,0,0
323.13941,0,0,0,0,0,0,0,0,0,0,0,0,0,0,0,0,0,0,0,0,0,0,0,0,0,0,200123.3867,0,0,0
309.13065,0,0,0,0,0,0,0,0,0,0,0,0,0,0,0,0,0,0,0,0,0,0,0,0,0,0,0,0,0,0
478.29807,0,0,0,0,0,0,0,0,0,0,0,0,0,0,0,0,0,0,0,0,0,0,0,0,0,0,0,0,0,0
703.98459,0,0,0,0,0,0,0,0,0,0,0,0,0,0,0,0,0,0,0,0,0,0,0,0,0,0,0,0,0,0
375.15265,0,0,0,0,0,0,0,0,0,0,0,0,0,0,0,0,0,0,0,0,0,0,0,0,0,0,0,0,0,0
293.06756,0,0,0,0,0,0,0,0,0,0,0,0,0,0,0,0,0,0,0,0,0,0,0,0,0,0,0,0,0,0
360.36211,0,0,0,0,0,0,0,0,0,0,0,0,0,0,0,0,0,0,0,0,0,0,0,0,0,0,0,0,0,0
337.11642,0,0,0,0,0,0,0,0,0,0,0,0,0,0,0,0,0,0,0,0,0,0,0,19932.873,0,0,0,0,0,0
244.21823,0,0,0,0,0,0,0,0,0,0,0,0,0,0,0,0,0,0,0,0,0,0,0,0,0,0,0,0,0,0
472.31343,0,0,0,0,0,0,0,0,0,0,0,0,0,0,0,0,0,0,0,0,0,0,0,0,0,0,0,0,0,0
334.07053,0,0,0,0,0,0,0,0,0,0,0,0,0,0,0,0,0,0,0,0,0,0,0,0,0,0,0,0,0,0
340.09982,0,0,0,0,0,0,0,0,0,0,0,0,0,0,0,0,0,0,0,0,0,0,0,0,0,0,0,0,0,0
460.16315,0,0,0,0,0,0,0,0,0,0,0,0,0,0,0,0,0,0,0,0,0,0,0,0,0,0,0,0,0,0
488.26469,0,0,0,0,0,0,0,0,0,0,0,0,0,0,0,0,0,0,0,0,0,0,0,0,0,0,0,0,0,0
412.19442,0,0,0,0,0,0,0,0,0,0,0,0,0,0,0,0,0,0,0,0,0,0,0,0,0,0,0,0,0,0
374.10379,0,0,0,0,0,0,0,0,0,0,0,0,0,0,0,0,0,0,0,0,0,0,0,0,0,0,0,0,0,0
422.18955,0,0,0,0,0,0,0,0,0,0,0,0,0,0,0,0,0,0,0,0,0,0,0,0,0,0,0,0,0,0
494.98494,0,0,0,0,0,0,0,0,0,0,0,0,0,0,0,0,0,0,0,0,0,0,0,0,0,0,0,0,0,0
390.16687,0,0,0,0,0,0,0,0,0,0,0,0,0,0,0,0,0,0,0,0,0,0,0,0,0,0,0,0,0,0
323.1999,0,0,0,0,0,0,0,0,0,0,0,0,0,0,0,0,0,0,0,18577.91992,0,0,0,0,0,0,0,0,0,0
369.25035,0,0,0,0,0,0,0,0,0,0,0,0,0,0,0,0,0,0,0,0,0,0,0,0,0,0,0,0,0,0
360.36228,0,0,0,0,0,0,0,0,0,0,0,0,0,0,0,0,0,0,0,0,0,0,0,0,0,0,0,0,0,0
455.02608,0,0,0,0,0,0,0,0,0,0,0,0,0,0,0,0,0,0,0,0,0,0,0,0,0,0,0,0,0,0
360.3619,0,0,0,0,0,0,0,0,0,0,0,0,0,0,0,0,0,0,0,0,0,0,0,0,0,0,0,0,0,0
362.07597,0,0,0,0,0,0,0,0,0,0,0,0,0,0,0,0,0,0,0,0,0,0,0,0,0,0,0,0,0,0
450.99665,0,0,0,0,0,0,0,0,0,0,0,0,0,0,0,0,0,0,0,0,0,0,0,0,0,0,0,0,0,0
522.59687,0,0,0,0,0,0,0,0,0,0,0,0,0,0,0,0,0,0,0,0,0,0,0,0,0,0,17914.9414,0,0,0
329.14042,0,0,0,0,0,0,0,0,0,0,0,0,0,0,0,0,0,0,0,0,0,0,0,0,0,0,0,0,0,0
278.98539,0,0,0,0,0,0,0,0,0,0,0,0,0,0,0,0,0,0,0,0,0,0,0,0,0,0,0,0,0,0
494.56498,0,0,0,0,0,0,0,0,0,0,0,0,0,0,0,0,0,0,0,0,0,0,0,0,0,0,0,0,0,0
358.32765,0,0,0,0,0,0,0,0,0,0,0,0,0,0,0,0,0,0,0,0,0,0,0,0,0,0,0,0,0,0
348.32681,0,0,0,0,0,0,0,0,0,0,0,0,0,0,0,0,0,0,0,0,17642.13281,0,0,0,0,0,0,0,0,0
405.22262,0,0,0,0,0,0,0,0,0,0,0,0,0,0,0,0,0,0,0,0,0,0,0,0,0,0,0,0,0,0
367.21512,0,0,0,0,0,0,0,0,175009.5293,0,0,0,0,0,0,0,0,0,0,0,0,0,0,0,0,0,0,0,0,0
304.3,0,0,0,0,0,0,0,0,0,0,0,0,0,0,0,0,0,0,0,0,0,0,0,0,0,0,0,17469.55859,0,0
357.18797,0,0,0,0,0,0,0,0,0,0,0,0,0,0,0,0,0,0,0,0,0,0,0,0,0,0,0,0,0,0
349.14093,0,0,0,0,0,0,0,0,0,0,0,0,0,0,0,0,0,0,0,0,0,0,0,0,0,0,0,0,0,0
331.16917,0,0,0,0,0,0,0,0,0,0,0,0,0,0,0,0,0,0,0,0,0,0,0,0,0,0,0,0,0,0
430.97476,0,0,0,0,0,0,0,0,0,0,0,0,0,0,0,0,0,0,0,0,0,0,0,0,0,0,0,0,0,0
375.13633,0,0,0,0,0,0,0,0,0,0,0,0,0,0,0,0,0,0,0,0,0,0,0,0,0,0,0,16874.86328,0,0
426.27805,0,0,0,0,0,0,0,0,0,0,0,0,0,0,0,0,0,0,0,0,0,0,0,0,0,0,0,0,0,0
389.01983,0,0,0,0,0,0,0,0,0,0,0,0,0,0,0,0,0,0,0,0,0,0,0,0,0,0,0,0,0,0
348.0929,0,0,0,0,0,0,0,0,0,0,0,0,0,0,166100.6855,0,0,0,0,0,0,0,0,0,0,0,0,0,0,0
461.18886,0,0,0,0,0,0,0,0,0,0,0,0,0,0,0,0,0,0,0,0,0,0,0,0,0,0,0,0,0,0
268.27568,0,0,0,0,0,0,0,0,0,0,0,0,0,0,0,0,0,0,0,0,0,0,0,0,0,0,0,0,0,0
349.10276,0,0,0,0,0,0,0,0,0,0,0,0,0,0,0,0,0,0,0,0,0,0,0,0,0,0,0,0,0,0
495.32484,0,0,0,0,0,0,0,0,0,0,0,0,0,0,0,0,0,0,0,0,0,0,0,0,0,0,0,0,0,0
509.30432,0,0,0,0,0,0,0,0,0,0,0,0,0,0,0,0,0,0,0,0,0,0,0,0,0,0,0,0,0,0
348.20081,0,0,0,0,0,0,0,0,0,0,0,0,0,0,0,0,0,16386.83789,0,0,0,0,0,0,0,0,0,0,0,0
674.44484,0,0,0,0,0,0,0,0,0,0,0,0,0,0,0,0,0,0,0,0,0,0,0,0,0,0,0,0,0,0
345.91919,0,0,0,0,0,0,0,0,0,0,0,0,0,0,0,0,0,0,0,0,0,0,0,0,0,0,0,0,0,0
550.62763,0,0,0,0,0,0,0,0,0,0,0,0,0,0,0,0,0,0,0,0,0,0,0,0,0,0,0,0,0,0
336.12725,0,0,0,0,0,0,0,0,0,0,0,0,0,0,0,0,0,0,0,0,0,0,0,0,0,0,0,0,0,0
417.05987,0,0,0,0,0,0,0,0,0,0,0,0,0,0,0,0,0,0,15684.4248,0,0,0,0,0,0,0,0,0,0,0
265.96872,0,0,0,0,0,0,0,0,0,0,0,0,0,0,0,0,0,0,0,0,0,0,0,0,0,0,15674.24219,0,0,0
568.13465,0,0,0,0,0,0,0,0,0,0,0,0,0,0,0,0,0,0,0,0,0,0,0,0,0,0,0,0,0,0
340.39315,0,0,0,0,0,0,0,0,0,0,0,0,0,0,0,0,0,0,0,0,15628.99701,0,0,0,0,0,0,0,0,0
355.2339,0,0,0,0,0,0,0,0,0,0,0,0,0,0,0,0,0,0,0,0,0,0,0,0,0,0,0,0,0,0
295.16968,0,0,0,0,0,0,0,0,0,0,0,0,0,0,0,0,0,0,0,0,15592.29297,0,0,0,0,0,0,0,0,0
441.27842,0,0,0,0,0,0,0,0,0,0,0,0,0,0,0,0,0,0,0,0,0,0,0,0,0,0,0,0,0,0
467.02041,0,0,0,0,0,0,0,0,0,0,0,0,0,0,0,0,0,0,0,0,0,0,0,0,0,0,0,0,0,0
359.07595,0,0,0,0,0,0,0,0,0,0,0,0,0,0,0,0,0,0,0,0,0,0,0,0,0,0,0,0,0,0
247.02053,0,0,0,0,0,0,0,0,0,15273.2871,0,0,0,0,0,0,0,0,0,0,0,0,0,0,0,0,0,0,0,0
536.5774,0,0,0,0,0,0,0,0,0,0,0,0,0,0,0,0,0,0,0,0,0,0,0,0,0,15231.62598,0,0,0,0
178.04852,0,0,0,0,0,0,0,0,0,0,0,0,0,0,0,0,0,0,0,0,0,0,0,0,0,0,0,0,0,0
375.11172,0,0,0,0,0,0,150035.3984,0,0,0,0,0,0,0,0,0,0,0,0,0,0,0,0,0,0,0,0,0,0,0
355.19699,0,0,0,0,0,0,0,0,0,0,0,0,0,0,0,0,0,0,0,0,0,0,0,0,0,0,0,0,0,0
550.62821,0,0,0,0,0,0,0,0,0,0,0,0,0,0,0,0,0,0,0,0,0,0,0,0,0,0,0,0,0,0
703.98463,0,0,0,0,0,0,0,0,0,0,0,0,0,0,0,0,0,0,0,0,0,0,0,0,0,0,0,0,0,0
278.20212,0,0,0,0,0,0,0,0,0,0,0,0,0,0,0,0,0,0,0,0,0,0,0,0,0,0,0,0,0,0
522.5963,0,0,0,0,0,0,0,0,0,0,0,0,0,0,0,0,0,0,0,0,0,0,0,0,0,0,0,0,0,0
321.20958,0,0,0,0,0,0,0,0,0,0,0,0,0,0,0,0,0,0,0,0,0,0,0,0,14733.999,0,0,0,0,0
402.05112,0,0,0,0,0,0,0,0,0,0,0,0,0,0,0,0,0,0,0,0,0,0,0,0,0,0,0,0,0,0
578.0428,0,0,0,0,0,0,0,0,0,0,0,0,0,0,0,0,0,0,0,0,0,0,0,0,0,0,0,0,0,0
448.9694,0,0,0,0,0,0,0,0,0,0,0,0,0,0,0,0,0,0,0,0,0,0,0,0,0,0,0,0,0,0
511.31973,0,0,0,0,0,0,0,0,0,0,0,0,0,0,0,0,0,0,0,0,0,0,0,0,0,0,0,0,0,0
355.22141,0,0,0,0,0,0,0,0,0,0,0,0,0,0,0,0,0,0,0,0,0,0,0,0,0,0,0,0,0,0
440.10855,0,0,0,0,0,0,0,0,0,0,0,0,0,0,0,0,0,0,0,0,0,0,0,0,0,0,0,0,0,0
318.21078,0,0,0,0,0,0,0,0,0,0,0,0,0,0,0,0,0,0,0,0,0,0,0,0,0,0,0,0,0,0
296.13152,0,0,0,0,0,0,0,0,0,0,0,0,0,0,0,0,0,0,0,0,14432.24219,0,0,0,0,0,0,0,0,0
616.17629,0,0,0,0,0,0,0,0,0,0,0,0,0,0,0,0,0,0,0,0,0,0,0,0,0,0,0,0,0,0
309.15987,0,0,0,0,0,0,0,0,0,0,0,0,0,0,0,0,0,0,0,0,0,0,0,0,0,0,0,0,0,0
388.3942,0,0,0,0,0,0,0,0,0,0,0,0,0,0,0,0,0,0,0,0,0,14168.34008,0,0,0,0,0,0,0,0
388.39475,0,0,0,0,0,0,0,0,0,0,0,0,0,0,0,0,0,0,0,0,0,0,0,0,0,0,0,0,0,0
480.51395,0,0,0,0,0,0,0,0,0,0,0,0,0,0,0,0,0,0,0,0,0,0,0,0,0,140087.15,0,0,0,0
342.15267,0,0,0,0,0,0,0,0,0,0,0,0,0,0,0,0,0,0,0,0,0,0,0,0,0,0,0,0,0,0
616.17597,0,0,0,0,0,0,0,0,0,0,0,0,0,0,0,0,0,0,0,0,0,0,0,0,0,0,0,0,0,0
410.18096,0,0,0,0,0,0,0,0,0,0,0,0,0,0,0,0,0,0,0,0,0,0,0,0,0,0,0,0,0,0
396.99798,0,0,0,0,0,0,0,0,0,0,0,0,0,0,0,0,0,0,0,0,0,0,0,0,0,0,0,0,0,0
448.96931,0,0,0,0,0,0,0,0,0,0,0,0,0,0,0,0,0,0,0,0,0,0,0,0,0,0,0,0,0,0
388.39405,0,0,0,0,0,0,137300.7549,0,0,0,0,0,0,0,0,0,0,0,0,0,0,0,0,0,0,0,0,0,0,0
448.97056,0,0,0,0,0,0,0,0,0,0,0,0,0,0,0,0,0,0,0,0,0,0,0,0,0,0,0,0,0,0
502.2908,0,0,0,0,0,0,0,0,0,0,0,0,0,0,0,0,0,0,0,0,0,0,0,0,0,0,0,0,0,0
307.13251,0,0,0,0,0,0,0,0,0,0,0,0,0,0,0,0,0,0,0,0,0,0,0,0,0,0,0,0,0,0
162.04111,0,0,0,0,0,0,0,0,0,0,0,0,0,0,0,0,0,0,0,0,0,0,0,0,0,0,0,0,0,0
270.15607,0,0,0,0,0,0,0,0,0,0,0,0,0,0,0,0,0,0,0,0,13475.70012,0,0,0,0,0,0,0,0,0
148.04109,0,0,0,0,0,0,0,0,0,0,0,0,0,0,0,0,0,0,0,0,0,0,0,0,0,0,0,0,0,0
511.32079,0,0,0,0,0,0,0,0,0,0,0,0,0,0,0,0,0,0,0,0,0,0,0,0,0,0,0,0,0,0
448.97022,0,0,0,0,0,0,0,0,0,0,0,0,0,0,0,0,0,0,0,0,0,0,0,0,0,0,0,0,0,0
308.05489,0,0,0,0,0,0,0,0,0,0,0,0,0,0,0,0,0,0,0,0,0,0,0,0,0,0,0,0,0,0
509.30514,0,0,0,0,0,0,0,0,0,0,0,0,0,0,0,0,0,0,0,0,0,0,0,0,0,0,0,0,0,0
227.06796,0,0,0,0,0,0,0,0,0,0,0,0,0,0,0,0,0,0,0,0,0,0,0,0,0,0,0,0,0,0
369.13484,0,0,0,0,0,0,0,0,0,0,0,0,0,0,0,0,0,0,0,0,0,0,0,0,0,0,0,0,0,0
556.04974,0,0,0,0,0,0,0,0,0,0,0,0,0,0,0,0,0,0,0,0,0,0,0,0,0,0,0,0,0,0
388.39396,0,0,0,0,0,0,0,0,0,0,0,0,0,0,0,0,0,0,0,0,0,0,0,0,0,0,0,126800.1826,0,0
324.20685,0,0,0,0,0,0,0,0,0,0,0,0,0,0,0,0,0,0,0,0,0,0,0,0,0,0,12661.00586,0,0,0
458.12809,0,0,0,0,0,0,0,0,0,0,0,0,0,0,0,0,0,0,0,0,0,0,0,0,0,0,0,0,0,0
509.30546,0,0,0,0,0,0,0,0,0,0,0,0,0,0,0,0,0,0,0,0,0,0,0,0,0,0,0,0,0,0
509.30486,0,0,0,0,0,0,0,0,0,0,0,0,0,0,0,0,0,0,0,0,0,0,0,0,0,0,0,0,0,0
440.10923,0,0,0,0,0,0,0,0,0,0,0,0,0,0,0,0,0,0,0,0,0,0,0,0,0,0,0,0,0,0
511.31943,0,0,0,0,0,0,0,0,0,0,0,0,0,0,0,0,0,0,0,0,0,0,0,0,0,0,0,0,0,0
440.10942,0,0,0,0,0,0,0,0,0,0,0,0,0,0,0,0,0,0,0,0,0,0,0,0,0,0,0,0,0,0
449.18899,0,0,0,0,0,0,0,0,0,0,0,0,0,0,0,0,0,0,0,0,0,0,0,0,0,0,0,0,12333.91895,0
318.31557,0,0,0,0,0,0,0,0,0,0,0,0,0,0,0,0,0,0,0,0,0,0,0,0,0,0,0,0,0,0
448.97056,0,0,0,0,0,0,0,0,0,0,0,0,0,0,0,0,0,0,0,0,0,0,0,0,0,0,0,0,0,0
136.06557,0,0,0,0,0,0,0,0,0,0,0,0,0,0,0,0,0,0,0,0,0,0,60072.85791,0,0,0,0,0,6153.28125,0
674.01302,0,0,0,0,0,0,0,0,0,0,0,0,0,0,0,0,0,0,0,0,0,0,0,0,0,0,0,0,0,0
330.31637,0,0,0,0,0,0,0,0,0,0,0,0,0,0,0,0,0,0,0,0,0,0,0,0,0,0,0,0,0,0
409.20939,0,0,0,0,0,0,0,0,0,0,0,0,0,0,0,0,0,0,0,0,0,0,0,0,0,0,0,0,0,0
261.13061,0,0,0,0,0,0,0,0,0,0,0,0,0,0,0,0,0,0,0,0,0,0,0,0,0,0,0,0,0,0
491.22219,0,0,0,0,0,0,0,0,0,0,0,0,0,0,0,0,0,0,0,0,0,0,0,0,0,0,0,0,0,0
449.1754,0,0,0,0,0,0,0,0,0,0,0,0,0,0,0,0,0,0,0,0,0,0,0,0,0,0,0,0,0,0
397.34357,0,0,0,0,0,0,0,0,0,0,0,0,0,0,0,0,0,0,0,0,0,0,0,0,0,11862.15332,0,0,0,0
213.09547,0,0,0,0,0,0,0,0,0,0,0,0,0,0,0,0,0,0,0,0,0,0,0,0,0,0,0,118009.2009,0,0
703.98305,0,0,0,0,0,0,0,0,0,0,0,0,0,0,0,0,0,0,0,0,0,0,0,0,0,0,0,0,0,0
449.17584,0,0,0,0,0,0,0,0,0,0,0,0,0,0,0,0,0,0,0,0,0,0,0,0,0,0,0,0,0,0
440.10979,0,0,0,0,0,0,0,0,0,0,0,0,0,0,0,0,0,0,0,0,0,0,0,0,0,0,0,0,0,0
285.07346,0,0,0,0,0,0,0,0,0,0,0,0,0,0,0,0,0,0,0,0,0,0,0,0,0,0,0,0,0,0
302.24314,0,0,0,0,0,0,0,0,0,0,0,0,0,0,0,0,0,0,0,0,0,0,0,0,0,0,0,0,0,0
508.54545,0,0,0,0,0,0,0,0,0,0,0,0,0,0,0,0,0,0,0,0,0,0,0,0,0,0,0,0,0,0
877.04184,0,0,0,0,0,0,0,0,0,0,0,0,0,0,0,0,0,0,0,0,0,0,0,0,0,0,0,0,0,0
443.23178,0,0,0,0,0,0,0,0,0,0,0,0,0,0,0,0,0,0,0,0,0,0,0,0,0,0,0,0,0,0
448.97026,0,0,0,0,0,0,0,0,0,0,0,0,0,0,0,0,0,0,0,0,0,0,0,0,0,0,0,0,0,0
616.17744,0,0,0,0,0,0,0,0,0,0,0,0,0,0,0,0,0,0,0,0,0,0,0,0,0,0,0,0,0,0
522.59485,0,0,0,0,0,0,0,0,0,0,0,0,0,0,0,0,0,0,0,0,0,0,0,0,0,0,0,0,0,0
187.09644,0,0,0,0,0,0,0,0,0,0,0,0,0,0,0,0,0,0,0,0,0,0,0,0,0,0,0,0,0,0
509.30509,0,0,0,0,0,0,0,0,0,0,0,0,0,0,0,0,0,0,0,0,0,0,0,0,0,0,0,0,0,0
404.97983,0,0,0,0,0,0,0,0,0,0,0,0,0,0,0,0,0,0,0,0,0,0,0,0,0,0,0,0,0,0
299.30491,0,0,0,0,0,0,0,0,0,0,0,0,0,0,0,0,0,0,1005400.006,0,0,0,0,0,0,0,0,0,0,0
325.96991,0,0,0,0,0,0,0,0,0,0,0,0,0,0,0,0,0,0,0,0,0,0,0,0,0,0,0,0,0,0
213.16692,0,0,0,0,0,0,0,0,0,0,0,0,0,0,0,0,0,0,0,0,0,0,0,0,0,0,0,0,0,0
304.29842,0,100296.1953,0,0,0,0,0,0,0,0,0,0,0,0,0,0,0,0,0,0,0,0,0,0,0,0,0,0,0,0
547.28492,0,0,0,0,0,0,0,0,0,0,0,0,0,0,0,0,0,0,0,0,0,0,0,0,0,0,0,0,0,0
303.91713,0,0,0,0,0,0,0,0,0,0,0,0,0,0,0,0,0,0,0,0,0,0,0,0,0,0,0,0,0,0
284.33079,0,0,0,0,0,0,0,0,0,0,0,0,0,0,0,0,0,0,0,0,0,0,0,0,0,0,0,0,0,0
354.12432,0,0,0,0,0,0,0,0,0,0,0,0,0,0,0,0,0,0,0,0,0,0,0,0,0,0,0,0,0,0
284.33071,0,0,0,0,0,0,0,0,0,0,0,0,0,0,0,0,0,0,0,0,0,0,0,0,0,0,0,0,0,0
291.26857,0,0,0,0,0,0,0,0,0,0,0,0,0,0,0,0,0,0,0,0,0,0,0,0,0,0,0,0,0,0
404.98083,0,0,0,0,0,0,0,0,0,0,0,0,0,0,0,0,0,0,0,0,0,0,0,0,0,0,0,0,0,0
703.98372,0,0,0,0,0,0,0,0,0,0,0,0,0,0,0,0,0,0,0,0,0,0,0,0,0,0,0,0,0,0
550.62942,0,0,0,0,0,0,0,0,0,0,0,0,0,0,0,0,0,0,0,0,0,0,0,0,0,0,0,0,0,0
347.19138,0,0,0,0,0,0,0,0,0,0,0,0,0,0,0,0,0,0,0,0,0,0,0,0,0,0,0,0,0,99002.75
137.02235,0,0,0,0,0,0,0,0,0,0,0,0,0,0,0,0,0,0,0,0,0,0,0,0,0,0,0,0,0,0
490.32255,0,0,0,0,0,0,0,0,0,0,0,0,0,0,0,0,0,0,0,0,0,0,0,0,0,0,0,0,0,0
404.97992,0,0,0,0,0,0,0,0,0,0,0,0,0,0,0,0,0,0,0,0,0,0,0,0,0,0,0,0,0,0
284.33045,0,0,0,0,0,0,0,0,0,0,0,0,0,0,0,0,0,0,0,0,0,0,0,0,0,0,0,0,0,0
323.96453,0,0,0,0,0,0,0,0,0,0,0,0,0,0,0,0,0,0,0,0,0,0,0,0,0,0,0,0,0,0
130.02826,0,0,0,0,0,0,0,0,0,0,0,0,0,0,0,0,0,0,0,0,0,0,0,0,0,0,0,0,0,0
511.31981,0,0,0,0,0,0,0,0,0,0,0,0,0,0,0,0,0,0,0,0,0,0,0,0,0,0,0,0,0,0
366.29248,0,0,0,0,0,0,0,0,0,0,0,0,0,0,0,0,0,0,0,0,0,0,0,0,0,0,0,0,0,0
425.22669,0,0,0,0,0,0,0,0,0,0,0,0,0,0,0,0,0,0,0,0,0,0,0,0,0,0,0,0,0,0
70.06439,0,0,0,0,0,0,0,0,0,0,0,0,0,0,0,0,0,0,0,0,0,0,0,0,0,9433.193359,0,0,0,0
388.39425,0,0,0,0,0,0,0,0,0,0,9371.005664,0,0,0,0,0,0,0,0,0,0,0,0,0,0,0,0,0,0,0
284.32996,0,0,0,0,0,0,0,0,0,0,0,0,0,0,0,0,0,0,0,0,0,0,0,0,0,0,0,0,0,0
550.62867,0,0,0,0,0,0,0,0,0,0,0,0,0,0,0,0,0,0,0,0,0,0,0,0,0,0,0,0,0,0
550.62911,0,0,0,0,0,0,0,0,0,0,0,0,0,0,0,0,0,0,0,0,0,90049.42676,0,0,0,0,0,0,0,0
186.06837,0,0,0,0,0,0,0,0,0,0,0,0,0,0,0,0,0,0,0,0,0,0,0,0,0,0,0,0,0,0
494.5656,0,0,0,0,0,0,0,0,0,0,0,0,0,0,0,0,0,0,0,0,0,0,0,0,0,0,0,0,0,0
137.0523,0,0,0,0,0,0,0,0,0,0,0,0,0,0,0,0,0,0,0,0,0,0,0,0,0,0,8763.234375,0,0,0
618.0701,0,0,0,0,0,0,0,0,0,0,0,0,0,0,0,0,0,0,0,0,0,0,0,0,0,0,0,0,0,0
259.05148,0,0,0,0,0,0,0,0,0,0,0,0,0,0,0,0,0,0,0,0,0,0,0,0,0,0,0,0,0,0
271.9514,0,0,0,0,0,0,0,0,0,0,0,0,0,0,0,0,0,0,0,0,0,0,0,0,0,0,0,0,0,0
243.21466,0,0,0,0,0,0,0,0,0,0,0,0,0,0,0,0,0,0,0,0,0,0,0,0,0,0,0,0,0,0
494.56622,0,0,0,0,0,0,0,0,0,0,0,0,0,0,0,0,0,0,0,0,0,0,0,0,0,0,0,0,0,0
232.05429,0,0,0,0,0,0,0,0,0,0,0,0,0,0,0,0,0,0,0,0,0,0,0,0,0,0,0,0,0,0
206.99567,0,0,0,0,0,0,0,0,0,0,0,0,0,0,0,0,0,0,0,0,0,0,0,0,0,0,0,0,0,0
89.0477,0,0,0,0,0,0,0,0,0,0,0,0,0,0,0,0,0,8611.34668,0,0,0,0,0,0,0,0,0,0,0,0
404.97992,0,0,0,0,0,0,0,0,0,0,0,0,0,0,0,0,0,0,0,0,0,0,0,0,0,0,0,0,0,0
240.13355,0,0,0,0,0,0,0,0,0,0,0,0,0,0,0,0,0,0,0,0,0,0,0,0,0,0,0,0,0,0
388.28168,0,0,0,0,0,0,0,0,0,0,0,0,0,0,0,0,0,0,0,0,0,0,0,0,0,0,0,0,0,0
376.35011,0,0,0,0,0,0,0,0,0,0,0,0,0,0,0,0,0,0,0,0,0,0,0,0,0,0,0,0,0,0
375.23141,0,0,0,0,0,0,0,0,0,0,0,0,0,0,0,0,0,0,0,0,0,0,0,0,0,0,0,0,0,0
315.14835,0,0,0,0,0,0,7775.364258,0,0,0,0,0,0,0,0,0,0,0,0,0,0,0,0,0,0,0,0,0,0,0
200.17885,0,0,0,0,0,0,0,0,0,0,0,0,0,0,0,0,0,0,0,0,0,0,0,0,0,0,0,0,0,0
119.05033,0,0,0,0,0,0,0,0,0,0,0,0,0,0,0,0,0,0,0,0,0,0,0,0,0,0,0,0,0,0
272.29498,0,0,0,0,0,0,0,0,0,0,0,0,0,0,0,7655.297852,0,0,0,0,0,0,0,0,0,0,0,0,0,0
297.23225,0,0,0,0,0,0,0,0,0,0,0,0,0,0,0,0,0,0,0,0,0,0,0,0,0,0,0,0,0,0
373.08832,0,0,0,0,0,0,0,0,0,0,0,0,0,0,0,0,0,0,0,0,0,0,0,0,0,0,0,0,0,0
119.07155,0,0,0,0,0,0,0,0,0,0,0,0,0,72800.57813,0,0,0,0,0,0,0,0,0,0,0,0,0,0,0,0
511.31964,0,0,0,0,0,0,0,0,0,0,0,0,0,0,0,0,0,0,0,0,0,0,0,0,0,0,0,0,0,0
539.31474,0,0,0,0,0,0,0,0,0,0,0,0,0,0,0,0,0,0,0,0,0,0,0,0,0,0,0,0,0,0
351.98518,0,0,0,0,0,0,0,0,0,0,0,0,0,0,0,0,0,0,0,0,0,0,0,0,0,0,0,0,0,0
162.03905,0,0,0,0,0,0,0,0,0,0,0,0,0,0,0,0,0,0,0,0,0,0,0,0,0,0,0,0,0,0
310.02308,0,0,0,0,0,0,0,0,0,0,0,4464.480096,0,0,0,0,0,0,0,0,0,0,0,0,0,0,0,0,0,0